Workbook

Sheet step2_raw_simulation
A1: Persona_ID | B1: Run_ID | C1: Used_Seed | D1: Gender | E1: Age | F1: Region | G1: Education | H1: Employment | I1: Income_Mil | J1: Dependents | K1: AI_ENF1_Score | L1: Human_ENF1 | M1: Delta_ENF1 | N1: AI_ENF1_Reason | O1: Human_ENF1_Reason | P1: AI_ENF2_Score | Q1: Human_ENF2 | R1: Delta_ENF2 | S1: AI_ENF2_Reason | T1: Human_ENF2_Reason | U1: AI_FAC1_Score | V1: Human_FAC1 | W1: Delta_FAC1 | X1: AI_FAC1_Reason | Y1: Human_FAC1_Reason | Z1: AI_FAC2_Score | AA1: Human_FAC2 | AB1: Delta_FAC2 | AC1: AI_FAC2_Reason | AD1: Human_FAC2_Reason | AE1: AI_TRU1_Score | AF1: Human_TRU1 | AG1: Delta_TRU1 | AH1: AI_TRU1_Reason | AI1: Human_TRU1_Reason | AJ1: AI_TRU2_Score | AK1: Human_TRU2 | AL1: Delta_TRU2 | AM1: AI_TRU2_Reason | AN1: Human_TRU2_Reason | AO1: AI_TRU3_Score | AP1: Human_TRU3 | AQ1: Delta_TRU3 | AR1: AI_TRU3_Reason | AS1: Human_TRU3_Reason | AT1: AI_TRU4_Score | AU1: Human_TRU4 | AV1: Delta_TRU4 | AW1: AI_TRU4_Reason | AX1: Human_TRU4_Reason | AY1: AI_OUT1_Score | AZ1: Human_OUT1 | BA1: Delta_OUT1 | BB1: AI_OUT1_Reason | BC1: Human_OUT1_Reason
A2: 1 | B2: 1 | C2: 43 | D2: Nữ | E2: 30 - 39 | F2: Thành thị | G2: Sau Đại học | H2: Chính thức | I2: 27.5 | J2: 1 | K2: 4 | L2: 5 | M2: 1 | N2: Chưa thấy nhiều thay đổi về các chế tài pháp lý hay xử phạt, chỉ dừng lại ở việc giảm bậc thuế. | O2: Các thay đổi hiện tại chỉ mới dừng lại ở việc giảm bậc thuế, giúp người đóng thuế cảm thấy đơn giản và nhẹ gánh trong việc đóng thuế TNCN. Chưa thấy nhiều thay đổi về các chế tài pháp lý hay xử phạt. | P2: 3 | Q2: 5 | R2: 2 | S2: Cơ quan thuế chưa thực sự có khả năng và công nghệ để phát hiện trốn thuế hiệu quả. | T2: Đồng ý. Quan trọng là cơ quan thuế có muốn thực thi hay không. | U2: 4 | V2: 1 | W2: -3 | X2: Form khai báo/phản ánh không đồng bộ, thông tin liên hệ không đầy đủ, hỗ trợ hạn chế. | Y2: Form khai báo/phản ánh không đồng bộ, thông tin liên hệ không có, không có người tiếp nhận, hỗ trợ. Phần mềm eTax cũng không có phản hồi người nộp thuế. Người khai báo thuế gặp vấn đề bị người khác sử dụng CCCD để đăng ký mã số thuế tại 1 DN không làm việc mà cơ quan thuế không biết/không xử lý dù đã phản ánh nhiều lần. | Z2: 7 | AA2: 10 | AB2: 3 | AC2: Phương án mới đơn giản hơn so với trước đây nhưng vẫn còn phức tạp về mặt thủ tục và tính toán. | AD2: Hoàn toàn đồng ý vì trước đây 7 bậc là quá nhiều, khó để tính toán. | AE2: 4 | AF2: 5 | AG2: 1 | AH2: Chưa có chế tài pháp lý mạnh mẽ nên lòng tin vào việc thực thi chính sách chưa cao. | AI2: Các thay đổi hiện tại chỉ mới dừng lại ở việc giảm bậc thuế, giúp người đóng thuế cảm thấy đơn giản và nhẹ gánh trong việc đóng thuế TNCN. Chưa thấy nhiều thay đổi về các chế tài pháp lý hay xử phạt. | AJ2: 9 | AK2: 10 | AL2: 1 | AM2: Mức thuế mới công bằng, phù hợp với thu nhập hiện tại của tôi. | AN2: Vì theo chính sách mới, tôi không phải đóng thuế nữa. Hoàn toàn đồng ý. | AO2: 8 | AP2: 5 | AQ2: -3 | AR2: Thuê đóng góp cho sự phát triển quốc gia và dịch vụ công như y tế, đường xá... | AS2: Khi nào các chính sách chế tài được xử lý nghiêm, giải quyết vấn đề tham nhũng thì lòng tin của tôi sẽ cao hơn. | AT2: 7 | AU2: 10 | AV2: 3 | AW2: Đã giải thích rõ ràng về mục tiêu cải cách thuế nhưng còn nhiều câu hỏi chưa được trả lời. | AX2: Hoàn toàn đồng ý về việc truyền thông và giải thích của Chính phủ. | AY2: 8 | AZ2: 9 | BA2: 1 | BB2: Nhìn chung, vì chính sách mới giúp tôi không phải đóng thuế nữa nên mức độ ủng hộ cao. Tuy nhiên, lòng tin vào thực thi chế tài pháp lý vẫn còn thấp. | BC2: Ủng hộ việc giảm bậc, tăng mức giảm trừ gia cảnh nhưng niềm tin về việc thực thi chính sách thì không cao cho đến khi việc thực thi các chế tài là rõ ràng, minh bạch, nghiêm khắc. Nhìn chung, vì chính sách mới giúp tôi không phải đóng thuế nữa nên mức độ ủng hộ cao.
A3: 1 | B3: 2 | C3: 44 | D3: Nữ | E3: 30 - 39 | F3: Thành thị | G3: Sau Đại học | H3: Chính thức | I3: 27.5 | J3: 1 | K3: 3 | L3: 5 | M3: 2 | N3: Chưa thấy nhiều thay đổi về các chế tài pháp lý hay xử phạt, chỉ giảm bậc thuế. | O3: Các thay đổi hiện tại chỉ mới dừng lại ở việc giảm bậc thuế, giúp người đóng thuế cảm thấy đơn giản và nhẹ gánh trong việc đóng thuế TNCN. Chưa thấy nhiều thay đổi về các chế tài pháp lý hay xử phạt. | P3: 4 | Q3: 5 | R3: 1 | S3: Cơ quan thuế có đủ khả năng và công nghệ để phát hiện nhưng thực tế chưa rõ ràng. | T3: Đồng ý. Quan trọng là cơ quan thuế có muốn thực thi hay không. | U3: 3 | V3: 1 | W3: -2 | X3: Form khai báo/phản ánh không đồng bộ, thông tin liên hệ không có, hỗ trợ hạn chế. | Y3: Form khai báo/phản ánh không đồng bộ, thông tin liên hệ không có, không có người tiếp nhận, hỗ trợ. Phần mềm eTax cũng không có phản hồi người nộp thuế. Người khai báo thuế gặp vấn đề bị người khác sử dụng CCCD để đăng ký mã số thuế tại 1 DN không làm việc mà cơ quan thuế không biết/không xử lý dù đã phản ánh nhiều lần. | Z3: 9 | AA3: 10 | AB3: 1 | AC3: Đơn giản hóa biểu thuế giúp dễ dàng tính toán hơn so với trước đây. | AD3: Hoàn toàn đồng ý vì trước đây 7 bậc là quá nhiều, khó để tính toán. | AE3: 3 | AF3: 5 | AG3: 2 | AH3: Chưa thấy nhiều thay đổi về các chế tài pháp lý hay xử phạt, chỉ giảm bậc thuế. | AI3: Các thay đổi hiện tại chỉ mới dừng lại ở việc giảm bậc thuế, giúp người đóng thuế cảm thấy đơn giản và nhẹ gánh trong việc đóng thuế TNCN. Chưa thấy nhiều thay đổi về các chế tài pháp lý hay xử phạt. | AJ3: 9 | AK3: 10 | AL3: 1 | AM3: Mức thuế mới theo chính sách giúp tôi không phải đóng thuế nữa nên cảm giác công bằng hơn. | AN3: Vì theo chính sách mới, tôi không phải đóng thuế nữa. Hoàn toàn đồng ý. | AO3: 4 | AP3: 5 | AQ3: 1 | AR3: Thuế giảm giúp cải thiện dịch vụ công, nhưng thực tế chưa rõ ràng về sử dụng hiệu quả. | AS3: Khi nào các chính sách chế tài được xử lý nghiêm, giải quyết vấn đề tham nhũng thì lòng tin của tôi sẽ cao hơn. | AT3: 9 | AU3: 10 | AV3: 1 | AW3: Chính phủ đã giải thích minh bạch về lý do và mục tiêu của việc sửa đổi thuế lần này. | AX3: Hoàn toàn đồng ý về việc truyền thông và giải thích của Chính phủ. | AY3: 7 | AZ3: 9 | BA3: 2 | BB3: Đây là cải cách tốt, giảm gánh nặng thuế cho người dân nhưng niềm tin thực thi còn thấp. | BC3: Ủng hộ việc giảm bậc, tăng mức giảm trừ gia cảnh nhưng niềm tin về việc thực thi chính sách thì không cao cho đến khi việc thực thi các chế tài là rõ ràng, minh bạch, nghiêm khắc. Nhìn chung, vì chính sách mới giúp tôi không phải đóng thuế nữa nên mức độ ủng hộ cao.
A4: 1 | B4: 3 | C4: 45 | D4: Nữ | E4: 30 - 39 | F4: Thành thị | G4: Sau Đại học | H4: Chính thức | I4: 27.5 | J4: 1 | K4: 6 | L4: 5 | M4: -1 | N4: Chưa thấy nhiều thay đổi về các chế tài pháp lý hay xử phạt, cơ quan thuế cần tăng cường thực thi. | O4: Các thay đổi hiện tại chỉ mới dừng lại ở việc giảm bậc thuế, giúp người đóng thuế cảm thấy đơn giản và nhẹ gánh trong việc đóng thuế TNCN. Chưa thấy nhiều thay đổi về các chế tài pháp lý hay xử phạt. | P4: 7 | Q4: 5 | R4: -2 | S4: Cơ quan thuế có khả năng và công nghệ để phát hiện trốn thuế nhưng phụ thuộc vào việc thực thi | T4: Đồng ý. Quan trọng là cơ quan thuế có muốn thực thi hay không. | U4: 3 | V4: 1 | W4: -2 | X4: Form khai báo/phản ánh không đồng bộ, thông tin liên hệ không đầy đủ | Y4: Form khai báo/phản ánh không đồng bộ, thông tin liên hệ không có, không có người tiếp nhận, hỗ trợ. Phần mềm eTax cũng không có phản hồi người nộp thuế. Người khai báo thuế gặp vấn đề bị người khác sử dụng CCCD để đăng ký mã số thuế tại 1 DN không làm việc mà cơ quan thuế không biết/không xử lý dù đã phản ánh nhiều lần. | Z4: 4 | AA4: 10 | AB4: 6 | AC4: Biểu thuế đơn giản hơn nhưng quá trình khai báo thuế vẫn còn gặp nhiều vấn đề | AD4: Hoàn toàn đồng ý vì trước đây 7 bậc là quá nhiều, khó để tính toán. | AE4: 5 | AF4: 5 | AG4: 0 | AH4: Chưa thấy nhiều thay đổi về các chế tài pháp lý hay xử phạt, cần minh bạch hơn trong thực thi chính sách | AI4: Các thay đổi hiện tại chỉ mới dừng lại ở việc giảm bậc thuế, giúp người đóng thuế cảm thấy đơn giản và nhẹ gánh trong việc đóng thuế TNCN. Chưa thấy nhiều thay đổi về các chế tài pháp lý hay xử phạt. | AJ4: 6 | AK4: 10 | AL4: 4 | AM4: Mức thuế mới giảm nên tôi cảm thấy công bằng nhưng vẫn lo ngại về việc thực thi | AN4: Vì theo chính sách mới, tôi không phải đóng thuế nữa. Hoàn toàn đồng ý. | AO4: 7 | AP4: 5 | AQ4: -2 | AR4: Thuế giảm nên tin rằng tiền đóng sẽ được sử dụng hiệu quả để cải thiện dịch vụ công | AS4: Khi nào các chính sách chế tài được xử lý nghiêm, giải quyết vấn đề tham nhũng thì lòng tin của tôi sẽ cao hơn. | AT4: 8 | AU4: 10 | AV4: 2 | AW4: Chính phủ đã giải thích rõ ràng về mục tiêu của việc sửa đổi thuế lần này | AX4: Hoàn toàn đồng ý về việc truyền thông và giải thích của Chính phủ. | AY4: 9 | AZ4: 9 | BA4: 0 | BB4: Mức độ ủng hộ cao vì giảm thuế nhưng vẫn lo ngại về thực thi các chế tài pháp lý | BC4: Ủng hộ việc giảm bậc, tăng mức giảm trừ gia cảnh nhưng niềm tin về việc thực thi chính sách thì không cao cho đến khi việc thực thi các chế tài là rõ ràng, minh bạch, nghiêm khắc. Nhìn chung, vì chính sách mới giúp tôi không phải đóng thuế nữa nên mức độ ủng hộ cao.
A5: 1 | B5: 4 | C5: 46 | D5: Nữ | E5: 30 - 39 | F5: Thành thị | G5: Sau Đại học | H5: Chính thức | I5: 27.5 | J5: 1 | K5: 4 | L5: 5 | M5: 1 | N5: Chưa thấy nhiều thay đổi về các chế tài pháp lý hay xử phạt. Chỉ cải cách giảm bậc thuế. | O5: Các thay đổi hiện tại chỉ mới dừng lại ở việc giảm bậc thuế, giúp người đóng thuế cảm thấy đơn giản và nhẹ gánh trong việc đóng thuế TNCN. Chưa thấy nhiều thay đổi về các chế tài pháp lý hay xử phạt. | P5: 6 | Q5: 5 | R5: -1 | S5: Cơ quan thuế có đủ khả năng và công nghệ để phát hiện trốn thuế nhưng thực tế chưa rõ ràng. | T5: Đồng ý. Quan trọng là cơ quan thuế có muốn thực thi hay không. | U5: 3 | V5: 1 | W5: -2 | X5: Form khai báo/phản ánh không đồng bộ, thông tin liên hệ không có, phần mềm eTax không phản hồi người nộp thuế. Trước đây 7 bậc là quá nhiều, khó để tính toán. | Y5: Form khai báo/phản ánh không đồng bộ, thông tin liên hệ không có, không có người tiếp nhận, hỗ trợ. Phần mềm eTax cũng không có phản hồi người nộp thuế. Người khai báo thuế gặp vấn đề bị người khác sử dụng CCCD để đăng ký mã số thuế tại 1 DN không làm việc mà cơ quan thuế không biết/không xử lý dù đã phản ánh nhiều lần. | Z5: 8 | AA5: 10 | AB5: 2 | AC5: Bậc thuế mới đơn giản, dễ hiểu và thực hiện hơn so với trước | AD5: Hoàn toàn đồng ý vì trước đây 7 bậc là quá nhiều, khó để tính toán. | AE5: 4 | AF5: 5 | AG5: 1 | AH5: Các thay đổi chỉ mới dừng lại ở việc giảm bậc thuế. Chưa thấy nhiều thay đổi về các chế tài pháp lý hay xử phạt. | AI5: Các thay đổi hiện tại chỉ mới dừng lại ở việc giảm bậc thuế, giúp người đóng thuế cảm thấy đơn giản và nhẹ gánh trong việc đóng thuế TNCN. Chưa thấy nhiều thay đổi về các chế tài pháp lý hay xử phạt. | AJ5: 9 | AK5: 10 | AL5: 1 | AM5: Mức thuế mới là công bằng và hợp lý cho thu nhập của tôi | AN5: Vì theo chính sách mới, tôi không phải đóng thuế nữa. Hoàn toàn đồng ý. | AO5: 7 | AP5: 5 | AQ5: -2 | AR5: Thuế đóng sẽ được sử dụng hiệu quả để cải thiện dịch vụ công nhưng lòng tin chưa cao do không rõ ràng về việc thực thi | AS5: Khi nào các chính sách chế tài được xử lý nghiêm, giải quyết vấn đề tham nhũng thì lòng tin của tôi sẽ cao hơn. | AT5: 8 | AU5: 10 | AV5: 2 | AW5: Chính phủ đã giải thích rõ ràng, minh bạch về lý do và mục tiêu của việc sửa đổi thuế lần này. Tuy nhiên, lòng tin vào việc thực hiện vẫn còn thấp | AX5: Hoàn toàn đồng ý về việc truyền thông và giải thích của Chính phủ. | AY5: 9 | AZ5: 9 | BA5: 0 | BB5: Cải cách thuế giúp tôi không phải đóng thuế nữa nên ủng hộ cao nhưng chưa hoàn toàn tin tưởng vào việc thực thi chính sách mới | BC5: Ủng hộ việc giảm bậc, tăng mức giảm trừ gia cảnh nhưng niềm tin về việc thực thi chính sách thì không cao cho đến khi việc thực thi các chế tài là rõ ràng, minh bạch, nghiêm khắc. Nhìn chung, vì chính sách mới giúp tôi không phải đóng thuế nữa nên mức độ ủng hộ cao.
A6: 1 | B6: 5 | C6: 47 | D6: Nữ | E6: 30 - 39 | F6: Thành thị | G6: Sau Đại học | H6: Chính thức | I6: 27.5 | J6: 1 | K6: 7 | L6: 5 | M6: -2 | N6: Công nghệ và hệ thống eTax đã cải thiện đáng kể nhưng vẫn còn hạn chế trong việc phát hiện gian lận. | O6: Các thay đổi hiện tại chỉ mới dừng lại ở việc giảm bậc thuế, giúp người đóng thuế cảm thấy đơn giản và nhẹ gánh trong việc đóng thuế TNCN. Chưa thấy nhiều thay đổi về các chế tài pháp lý hay xử phạt. | P6: 6 | Q6: 5 | R6: -1 | S6: Khả năng phát hiện và xử lý trốn thuế phụ thuộc vào sự nghiêm túc của cơ quan chức năng, chưa có thông tin rõ ràng về hiệu quả thực thi. | T6: Đồng ý. Quan trọng là cơ quan thuế có muốn thực thi hay không. | U6: 7 | V6: 1 | W6: -6 | X6: Thủ tục khai báo thuế đơn giản hơn nhưng vẫn gặp khó khăn về tính đồng bộ và hỗ trợ khách hàng. | Y6: Form khai báo/phản ánh không đồng bộ, thông tin liên hệ không có, không có người tiếp nhận, hỗ trợ. Phần mềm eTax cũng không có phản hồi người nộp thuế. Người khai báo thuế gặp vấn đề bị người khác sử dụng CCCD để đăng ký mã số thuế tại 1 DN không làm việc mà cơ quan thuế không biết/không xử lý dù đã phản ánh nhiều lần. | Z6: 9 | AA6: 10 | AB6: 1 | AC6: Bậc thuế mới đơn giản, dễ hiểu và thực hiện thuận lợi hơn so với trước đây. | AD6: Hoàn toàn đồng ý vì trước đây 7 bậc là quá nhiều, khó để tính toán. | AE6: 8 | AF6: 5 | AG6: -3 | AH6: Tôi tin rằng cơ quan thuế sẽ xử lý công bằng nhưng lo ngại về sự thực thi các chế tài pháp lý chưa rõ ràng. | AI6: Các thay đổi hiện tại chỉ mới dừng lại ở việc giảm bậc thuế, giúp người đóng thuế cảm thấy đơn giản và nhẹ gánh trong việc đóng thuế TNCN. Chưa thấy nhiều thay đổi về các chế tài pháp lý hay xử phạt. | AJ6: 9 | AK6: 10 | AL6: 1 | AM6: Mức thuế mới giảm đáng kể, cảm thấy công bằng và hợp lý với thu nhập hiện tại của tôi. | AN6: Vì theo chính sách mới, tôi không phải đóng thuế nữa. Hoàn toàn đồng ý. | AO6: 6 | AP6: 5 | AQ6: -1 | AR6: Hiện tôi không hoàn toàn tin rằng số tiền thuế đóng được sử dụng hiệu quả cho dịch vụ công | AS6: Khi nào các chính sách chế tài được xử lý nghiêm, giải quyết vấn đề tham nhũng thì lòng tin của tôi sẽ cao hơn. | AT6: 8 | AU6: 10 | AV6: 2 | AW6: Chính phủ đã giải thích rõ ràng về mục tiêu của chính sách mới nhưng cần minh bạch hơn trong thực thi. | AX6: Hoàn toàn đồng ý về việc truyền thông và giải thích của Chính phủ. | AY6: 7 | AZ6: 9 | BA6: 2 | BB6: Dù thuế giảm đáng kể, tôi vẫn lo ngại về vấn đề tham nhũng và hiệu quả sử dụng số tiền đóng thuế | BC6: Ủng hộ việc giảm bậc, tăng mức giảm trừ gia cảnh nhưng niềm tin về việc thực thi chính sách thì không cao cho đến khi việc thực thi các chế tài là rõ ràng, minh bạch, nghiêm khắc. Nhìn chung, vì chính sách mới giúp tôi không phải đóng thuế nữa nên mức độ ủng hộ cao.
A7: 2 | B7: 1 | C7: 2143 | D7: Nữ | E7: 30 - 39 | F7: Thành thị | G7: Đại học | H7: Phi chính thức | I7: 15 | J7: 2 | K7: 6 | L7: 5 | M7: -1 | N7: Dù khâu thực thi được chú trọng và nhiều cải thiện, nhưng thay đổi chỉ mới gần đây nên chưa chắc hiệu quả trong tương lai. | O7: Dù khâu thực thi được chú trọng và nhiều cải thiện. Người dân hiểu và tuân thủ hơn. Nhưng thay đổi chỉ mới gần đây, chưa chắc được hiệu quả trong tương lai. | P7: 6 | Q7: 5 | R7: -1 | S7: Dù khâu thực thi được chú trọng và nhiều cải thiện, nhưng thay đổi chỉ mới gần đây nên chưa chắc hiệu quả trong tương lai. | T7: Dù khâu thực thi được chú trọng và nhiều cải thiện. Người dân hiểu và tuân thủ hơn. Nhưng thay đổi chỉ mới gần đây, chưa chắc được hiệu quả trong tương lai. | U7: 8 | V7: 4 | W7: -4 | X7: Sau khi giảm bớt mức độ phức tạp, quy trình làm việc với cơ quan thuế đã đơn giản hơn và tiện lợi hơn so với trước đây. | Y7: Có cải thiện nhưng đang trong quá trình chuyển giao, thay đổi từ offline sang online nên mọi thứ vẫn còn ngổn ngang, không biết liên hệ ai. | Z7: 7 | AA7: 5 | AB7: -2 | AC7: Biểu thuế mới có ít bậc hơn nên dễ hiểu và thực hiện hơn. Tuy nhiên, vẫn còn ngổn ngang khi chuyển giao từ offline sang online. | AD7: Không thay đổi về mức độ đóng thuế dù thay đổi bậc thuế, ngưỡng thuế. | AE7: 9 | AF7: 5 | AG7: -4 | AH7: Tôi tin rằng Nhà nước sẽ thực thi chính sách một cách khách quan, công tâm và đối xử bình đẳng với mọi người nộp thuế, mặc dù thay đổi mới chỉ vừa được áp dụng. | AI7: Dù khâu thực thi được chú trọng và nhiều cải thiện. Người dân hiểu và tuân thủ hơn. Nhưng thay đổi chỉ mới gần đây, chưa chắc được hiệu quả trong tương lai. | AJ7: 8 | AK7: 5 | AL7: -3 | AM7: Nhìn chung mức thuế tôi phải đóng theo phương án mới là hợp lý. Mức giảm trừ gia cảnh cao hơn giúp giảm gánh nặng tài chính cho người dân. | AN7: Không thay đổi về mức độ đóng thuế dù thay đổi bậc thuế, ngưỡng thuế. | AO7: 7 | AP7: 5 | AQ7: -2 | AR7: Tôi tin tưởng số tiền thuế tôi đóng sẽ được Nhà nước sử dụng hiệu quả để cải thiện dịch vụ công, mặc dù chưa rõ ràng về chi tiết cụ thể. | AS7: Giống với quan điểm trước đó vì mọi thứ vẫn chưa rõ ràng. | AT7: 8 | AU7: 5 | AV7: -3 | AW7: Nhà nước đã giải thích rõ ràng về mục tiêu của việc sửa đổi thuế lần này. Mặc dù thay đổi mới chỉ vừa được áp dụng, nhưng tôi thấy có sự minh bạch hơn. | AX7: Giống với quan điểm trước đó vì mọi thứ vẫn chưa rõ ràng. | AY7: 9 | AZ7: 5 | BA7: -4 | BB7: Dù vẫn còn nhiều vấn đề cần cải thiện, nhưng chính sách mới đã giúp giảm gánh nặng thuế cho người dân và làm đơn giản hóa quy trình khai báo thuế. Tôi ủng hộ và tuân thủ chính sách này. | BC7: Giống với quan điểm trước đó vì mọi thứ vẫn chưa rõ ràng.
A8: 2 | B8: 2 | C8: 144 | D8: Nữ | E8: 30 - 39 | F8: Thành thị | G8: Đại học | H8: Phi chính thức | I8: 15 | J8: 2 | K8: 6 | L8: 5 | M8: -1 | N8: Dù khâu thực thi được chú trọng và nhiều cải thiện, nhưng thay đổi chỉ mới gần đây, chưa chắc được hiệu quả trong tương lai. | O8: Dù khâu thực thi được chú trọng và nhiều cải thiện. Người dân hiểu và tuân thủ hơn. Nhưng thay đổi chỉ mới gần đây, chưa chắc được hiệu quả trong tương lai. | P8: 6 | Q8: 5 | R8: -1 | S8: Dù khâu thực thi được chú trọng và nhiều cải thiện, nhưng thay đổi chỉ mới gần đây, chưa chắc được hiệu quả trong tương lai. | T8: Dù khâu thực thi được chú trọng và nhiều cải thiện. Người dân hiểu và tuân thủ hơn. Nhưng thay đổi chỉ mới gần đây, chưa chắc được hiệu quả trong tương lai. | U8: 5 | V8: 4 | W8: -1 | X8: Có cải thiện nhưng đang trong quá trình chuyển giao, thay đổi từ offline sang online nên mọi thứ vẫn còn ngổn ngang, không biết liên hệ ai. | Y8: Có cải thiện nhưng đang trong quá trình chuyển giao, thay đổi từ offline sang online nên mọi thứ vẫn còn ngổn ngang, không biết liên hệ ai. | Z8: 7 | AA8: 5 | AB8: -2 | AC8: So với trước đây, cách tính thuế và các bậc thuế trong phương án mới đơn giản, dễ hiểu và dễ thực hiện hơn. Tuy nhiên, do chưa quen thuộc nên điểm số không cao. | AD8: Không thay đổi về mức độ đóng thuế dù thay đổi bậc thuế, ngưỡng thuế. | AE8: 6 | AF8: 5 | AG8: -1 | AH8: Dù khâu thực thi được chú trọng và nhiều cải thiện. Người dân hiểu và tuân thủ hơn. Nhưng thay đổi chỉ mới gần đây, chưa chắc được hiệu quả trong tương lai. | AI8: Dù khâu thực thi được chú trọng và nhiều cải thiện. Người dân hiểu và tuân thủ hơn. Nhưng thay đổi chỉ mới gần đây, chưa chắc được hiệu quả trong tương lai. | AJ8: 8 | AK8: 5 | AL8: -3 | AM8: Mức thuế tôi phải đóng theo phương án mới là công bằng (người thu nhập như tôi đóng mức này là hợp lý). | AN8: Không thay đổi về mức độ đóng thuế dù thay đổi bậc thuế, ngưỡng thuế. | AO8: 5 | AP8: 5 | AQ8: 0 | AR8: Giống với quan điểm trước đó vì mọi thứ vẫn chưa rõ ràng. | AS8: Giống với quan điểm trước đó vì mọi thứ vẫn chưa rõ ràng. | AT8: 5 | AU8: 5 | AV8: 0 | AW8: Giống với quan điểm trước đó vì mọi thứ vẫn chưa rõ ràng. | AX8: Giống với quan điểm trước đó vì mọi thứ vẫn chưa rõ ràng. | AY8: 7 | AZ8: 5 | BA8: -2 | BB8: Sau khi xem xét các quyền lợi và nghĩa vụ, tôi ủng hộ và tuân thủ chính sách mới hiện nay. Đây là bước tiến tốt nhưng cần thời gian để thích ứng. | BC8: Giống với quan điểm trước đó vì mọi thứ vẫn chưa rõ ràng.
A9: 2 | B9: 3 | C9: 145 | D9: Nữ | E9: 30 - 39 | F9: Thành thị | G9: Đại học | H9: Phi chính thức | I9: 15 | J9: 2 | K9: 6 | L9: 5 | M9: -1 | N9: Dù khâu thực thi được chú trọng và nhiều cải thiện, nhưng thay đổi chỉ mới gần đây nên chưa chắc hiệu quả trong tương lai. | O9: Dù khâu thực thi được chú trọng và nhiều cải thiện. Người dân hiểu và tuân thủ hơn. Nhưng thay đổi chỉ mới gần đây, chưa chắc được hiệu quả trong tương lai. | P9: 6 | Q9: 5 | R9: -1 | S9: Dù khâu thực thi được chú trọng và nhiều cải thiện, nhưng thay đổi chỉ mới gần đây nên chưa chắc hiệu quả trong tương lai. | T9: Dù khâu thực thi được chú trọng và nhiều cải thiện. Người dân hiểu và tuân thủ hơn. Nhưng thay đổi chỉ mới gần đây, chưa chắc được hiệu quả trong tương lai. | U9: 4 | V9: 4 | W9: 0 | X9: Có cải thiện nhưng đang trong quá trình chuyển giao, thay đổi từ offline sang online nên mọi thứ vẫn còn ngổn ngang, không biết liên hệ ai. | Y9: Có cải thiện nhưng đang trong quá trình chuyển giao, thay đổi từ offline sang online nên mọi thứ vẫn còn ngổn ngang, không biết liên hệ ai. | Z9: 7 | AA9: 5 | AB9: -2 | AC9: So với trước đây, cách tính thuế và các bậc thuế trong phương án mới đơn giản, dễ hiểu và dễ thực hiện hơn nhưng chưa rõ ràng hết. | AD9: Không thay đổi về mức độ đóng thuế dù thay đổi bậc thuế, ngưỡng thuế. | AE9: 5 | AF9: 5 | AG9: 0 | AH9: Dù khâu thực thi được chú trọng và nhiều cải thiện. Người dân hiểu và tuân thủ hơn. Nhưng thay đổi chỉ mới gần đây, chưa chắc được hiệu quả trong tương lai. | AI9: Dù khâu thực thi được chú trọng và nhiều cải thiện. Người dân hiểu và tuân thủ hơn. Nhưng thay đổi chỉ mới gần đây, chưa chắc được hiệu quả trong tương lai. | AJ9: 8 | AK9: 5 | AL9: -3 | AM9: Mức thuế tôi phải đóng theo phương án mới là công bằng (người thu nhập như tôi đóng mức này là hợp lý) nhưng còn cần thời gian để quen thuộc. | AN9: Không thay đổi về mức độ đóng thuế dù thay đổi bậc thuế, ngưỡng thuế. | AO9: 9 | AP9: 5 | AQ9: -4 | AR9: Tôi tin tưởng số tiền thuế tôi đóng sẽ được Nhà nước sử dụng hiệu quả để cải thiện dịch vụ công (y tế, đường xá...). | AS9: Giống với quan điểm trước đó vì mọi thứ vẫn chưa rõ ràng. | AT9: 10 | AU9: 5 | AV9: -5 | AW9: Nhà nước đã giải thích rõ ràng, minh bạch về lý do và mục tiêu của việc sửa đổi thuế lần này. | AX9: Giống với quan điểm trước đó vì mọi thứ vẫn chưa rõ ràng. | AY9: 9 | AZ9: 5 | BA9: -4 | BB9: Sau khi xem xét các quyền lợi và nghĩa vụ, tôi ủng hộ và tuân thủ chính sách mới hiện nay vì mức giảm trừ gia cảnh cao hơn thu nhập của tôi. | BC9: Giống với quan điểm trước đó vì mọi thứ vẫn chưa rõ ràng.
A10: 2 | B10: 4 | C10: 146 | D10: Nữ | E10: 30 - 39 | F10: Thành thị | G10: Đại học | H10: Phi chính thức | I10: 15 | J10: 2 | K10: 6 | L10: 5 | M10: -1 | N10: Dù khâu thực thi được chú trọng và nhiều cải thiện, nhưng thay đổi chỉ mới gần đây nên chưa chắc chắn về hiệu quả trong tương lai. | O10: Dù khâu thực thi được chú trọng và nhiều cải thiện. Người dân hiểu và tuân thủ hơn. Nhưng thay đổi chỉ mới gần đây, chưa chắc được hiệu quả trong tương lai. | P10: 6 | Q10: 5 | R10: -1 | S10: Dù khâu thực thi được chú trọng và nhiều cải thiện, nhưng thay đổi chỉ mới gần đây nên chưa chắc chắn về hiệu quả trong tương lai. | T10: Dù khâu thực thi được chú trọng và nhiều cải thiện. Người dân hiểu và tuân thủ hơn. Nhưng thay đổi chỉ mới gần đây, chưa chắc được hiệu quả trong tương lai. | U10: 7 | V10: 4 | W10: -3 | X10: Cách tính thuế và các bậc thuế đơn giản hơn so với trước đây, nhưng quy trình làm việc với cơ quan thuế vẫn còn ngổn ngang. | Y10: Có cải thiện nhưng đang trong quá trình chuyển giao, thay đổi từ offline sang online nên mọi thứ vẫn còn ngổn ngang, không biết liên hệ ai. | Z10: 8 | AA10: 5 | AB10: -3 | AC10: Số bậc thuế giảm đi, thủ tục khai báo thuế cũng đơn giản và dễ hiểu hơn | AD10: Không thay đổi về mức độ đóng thuế dù thay đổi bậc thuế, ngưỡng thuế. | AE10: 9 | AF10: 5 | AG10: -4 | AH10: Tôi tin rằng Nhà nước, cơ quan thuế sẽ thực thi chính sách mới một cách khách quan, công tâm và đối xử bình đẳng với mọi người nộp thuế. | AI10: Dù khâu thực thi được chú trọng và nhiều cải thiện. Người dân hiểu và tuân thủ hơn. Nhưng thay đổi chỉ mới gần đây, chưa chắc được hiệu quả trong tương lai. | AJ10: 8 | AK10: 5 | AL10: -3 | AM10: Mức giảm trừ gia cảnh cao hơn thu nhập nên tôi không phải đóng thuế. Đây là mức thuế hợp lý cho thu nhập của tôi | AN10: Không thay đổi về mức độ đóng thuế dù thay đổi bậc thuế, ngưỡng thuế. | AO10: 9 | AP10: 5 | AQ10: -4 | AR10: Tôi tin tưởng số tiền thuế tôi đóng sẽ được Nhà nước sử dụng hiệu quả để cải thiện dịch vụ công (y tế, đường xá...). | AS10: Giống với quan điểm trước đó vì mọi thứ vẫn chưa rõ ràng. | AT10: 8 | AU10: 5 | AV10: -3 | AW10: Nhà nước đã giải thích rõ ràng về lý do và mục tiêu của việc sửa đổi thuế lần này. | AX10: Giống với quan điểm trước đó vì mọi thứ vẫn chưa rõ ràng. | AY10: 7 | AZ10: 5 | BA10: -2 | BB10: Dù các thay đổi mang lại nhiều lợi ích cho tôi nhưng chưa chắc chắn về hiệu quả thực thi trong tương lai nên vẫn còn nghi ngờ | BC10: Giống với quan điểm trước đó vì mọi thứ vẫn chưa rõ ràng.
A11: 2 | B11: 5 | C11: 147 | D11: Nữ | E11: 30 - 39 | F11: Thành thị | G11: Đại học | H11: Phi chính thức | I11: 15 | J11: 2 | K11: 6 | L11: 5 | M11: -1 | N11: Dù khâu thực thi được chú trọng và nhiều cải thiện nhưng thay đổi chỉ mới gần đây, chưa chắc được hiệu quả trong tương lai. | O11: Dù khâu thực thi được chú trọng và nhiều cải thiện. Người dân hiểu và tuân thủ hơn. Nhưng thay đổi chỉ mới gần đây, chưa chắc được hiệu quả trong tương lai. | P11: 6 | Q11: 5 | R11: -1 | S11: Dù khâu thực thi được chú trọng và nhiều cải thiện nhưng thay đổi chỉ mới gần đây, chưa chắc được hiệu quả trong tương lai. | T11: Dù khâu thực thi được chú trọng và nhiều cải thiện. Người dân hiểu và tuân thủ hơn. Nhưng thay đổi chỉ mới gần đây, chưa chắc được hiệu quả trong tương lai. | U11: 4 | V11: 4 | W11: 0 | X11: Có cải thiện nhưng đang trong quá trình chuyển giao, thay đổi từ offline sang online nên mọi thứ vẫn còn ngổn ngang, không biết liên hệ ai. | Y11: Có cải thiện nhưng đang trong quá trình chuyển giao, thay đổi từ offline sang online nên mọi thứ vẫn còn ngổn ngang, không biết liên hệ ai. | Z11: 8 | AA11: 5 | AB11: -3 | AC11: So với trước đây, tôi thấy cách tính thuế và các bậc thuế trong phương án mới đơn giản, dễ hiểu và dễ thực hiện hơn. | AD11: Không thay đổi về mức độ đóng thuế dù thay đổi bậc thuế, ngưỡng thuế. | AE11: 5 | AF11: 5 | AG11: 0 | AH11: Dù khâu thực thi được chú trọng và nhiều cải thiện. Người dân hiểu và tuân thủ hơn. Nhưng thay đổi chỉ mới gần đây, chưa chắc được hiệu quả trong tương lai. | AI11: Dù khâu thực thi được chú trọng và nhiều cải thiện. Người dân hiểu và tuân thủ hơn. Nhưng thay đổi chỉ mới gần đây, chưa chắc được hiệu quả trong tương lai. | AJ11: 9 | AK11: 5 | AL11: -4 | AM11: Tôi thấy mức thuế tôi phải đóng theo phương án mới là công bằng (người thu nhập như tôi đóng mức này là hợp lý). | AN11: Không thay đổi về mức độ đóng thuế dù thay đổi bậc thuế, ngưỡng thuế. | AO11: 4 | AP11: 5 | AQ11: 1 | AR11: Giống với quan điểm trước đó vì mọi thứ vẫn chưa rõ ràng. | AS11: Giống với quan điểm trước đó vì mọi thứ vẫn chưa rõ ràng. | AT11: 7 | AU11: 5 | AV11: -2 | AW11: Tôi thấy Nhà nước đã giải thích rõ ràng, minh bạch về lý do và mục tiêu của việc sửa đổi thuế lần này. | AX11: Giống với quan điểm trước đó vì mọi thứ vẫn chưa rõ ràng. | AY11: 5 | AZ11: 5 | BA11: 0 | BB11: Giống với quan điểm trước đó vì mọi thứ vẫn chưa rõ ràng nhưng tôi tin rằng với mức giảm trừ gia cảnh cao hơn, mình không cần phải đóng thuế nữa. | BC11: Giống với quan điểm trước đó vì mọi thứ vẫn chưa rõ ràng.
A12: 3 | B12: 1 | C12: 243 | D12: Nam | E12: 40 - 49 | F12: Thành thị | G12: Đại học | H12: Phi chính thức | I12: 27.5 | J12: 3 | K12: 6 | L12: 10 | M12: 4 | N12: Dù công nghệ hiện đại giúp phát hiện gian lận, nhưng tôi vẫn lo ngại về khả năng thực thi và sự công bằng trong quá trình xử lý. | O12: Áp dụng công nghệ định danh, rà soát tài khoản tự động các nguồn thu thông qua yêu cầu bên trung gian thanh toán, phán đoán cá nhân. | P12: 8 | Q12: 10 | R12: 2 | S12: Tôi tin rằng cơ quan thuế có đủ nguồn lực để quản lý thuế hiệu quả hơn nhờ các cải cách này. | T12: Công nghệ hiện đại | U12: 5 | V12: 5 | W12: 0 | X12: Các quy trình khai báo đã đơn giản hơn, nhưng tôi vẫn cảm thấy chưa thật sự thuận tiện do chưa quen với hệ thống mới. | Y12: Vẫn thấy có nhiều khó khăn khi dùng Etax mobile. Chưa rõ phần mềm có cập nhật, thay đổi theo chính sách mới hay không. | Z12: 8 | AA12: 7 | AB12: -1 | AC12: Biểu thuế đơn giản hơn, dễ hiểu và thực hiện dễ dàng hơn so với trước đây. | AD12: Chưa làm theo quy định mới nhưng từ truyền thông giải thích thì cảm giác có sự tốt hơn | AE12: 6 | AF12: 7 | AG12: 1 | AH12: Tôi hy vọng rằng sự công bằng sẽ được duy trì trong quá trình áp dụng chính sách mới, nhưng vẫn có hoài nghi về thực tế. | AI12: Vì còn mới và chưa triển khai, nên phỏng đoán sẽ tốt hơn cách làm trước đây. Dựa trên kinh nghiệm từ quá khứ thì mọi thứ vẫn làm tốt, nhưng chưa chắc tương lai thế nào vì không biết quá trình chuyển đổi thế nào. | AJ12: 7 | AK12: 6 | AL12: -1 | AM12: Đối với thu nhập của tôi, mức thuế mới này là hợp lý và công bằng. | AN12: Do sức mua bị giảm bởi lạm phát do cung tiền cho các dự án quốc gia, nên cảm thấy 6/10. Thay đổi chưa phù hợp với mức sống thực tế. | AO12: 6 | AP12: 5 | AQ12: -1 | AR12: Tôi tin rằng tiền thuế đóng góp sẽ được sử dụng hiệu quả để cải thiện các dịch vụ công, nhưng vẫn lo ngại về minh bạch trong quá trình sử dụng. | AS12: Tính hiệu quả từ tiền thuế thu được chưa được minh bạch và giải trình đầy đủ, còn nhiều vụ án tham nhũng khi triển khai dự án công, trong đó có phần tiền thuế đóng góp. | AT12: 5 | AU12: 6 | AV12: 1 | AW12: Những giải thích về chính sách mới chưa đủ chi tiết và rõ ràng như tôi mong đợi, nhưng tôi hy vọng rằng sự minh bạch sẽ được cải thiện. | AX12: Chỉ tham khảo từ nguồn truyền thông. Chưa thấy thông tin từ cơ quan thuế, giới học thuật (sách vở). | AY12: 7 | AZ12: 7 | BA12: 0 | BB12: Thuế giảm đi đáng kể, cộng với mức thuế đơn giản hơn, đã làm tăng niềm tin của tôi về chính sách mới. Tuy nhiên, vẫn có một số lo ngại cần giải quyết. | BC12: Đóng thuế ít hơn, các khung thuế cũng đơn giản hơn. Nhưng tổng thể không đáp ứng được mong đợi so với thực mức sống thực tế. Tuy nhiên, sẽ ủng hộ nếu thu thuế tốt cho cả quốc gia nếu xài tiền thuế thu được hiệu quả.
A13: 3 | B13: 2 | C13: 244 | D13: Nam | E13: 40 - 49 | F13: Thành thị | G13: Đại học | H13: Phi chính thức | I13: 27.5 | J13: 3 | K13: 7 | L13: 10 | M13: 3 | N13: Hiện nay có nhiều công nghệ định danh và rà soát tự động, nhưng tôi vẫn lo ngại về khả năng phát hiện trốn thuế của cơ quan thuế. | O13: Áp dụng công nghệ định danh, rà soát tài khoản tự động các nguồn thu thông qua yêu cầu bên trung gian thanh toán, phán đoán cá nhân. | P13: 6 | Q13: 10 | R13: 4 | S13: Cơ quan thuế sử dụng công nghệ là điều tốt, nhưng tôi chưa chắc chắn liệu họ có đủ năng lực và nguồn lực thực hiện hiệu quả | T13: Công nghệ hiện đại | U13: 8 | V13: 5 | W13: -3 | X13: Mức độ thuận tiện đã tăng do số bậc thuế giảm và giảm trừ gia cảnh lớn hơn. Tuy nhiên, việc chuyển đổi từ hệ thống cũ sang mới có thể gây thêm khó khăn. | Y13: Vẫn thấy có nhiều khó khăn khi dùng Etax mobile. Chưa rõ phần mềm có cập nhật, thay đổi theo chính sách mới hay không. | Z13: 7 | AA13: 7 | AB13: 0 | AC13: Biểu thuế đơn giản hóa nhiều nhưng tôi vẫn thấy cần cải thiện thêm trong việc hướng dẫn và hỗ trợ người nộp thuế | AD13: Chưa làm theo quy định mới nhưng từ truyền thông giải thích thì cảm giác có sự tốt hơn | AE13: 5 | AF13: 7 | AG13: 2 | AH13: Tôi tin Nhà nước sẽ công tâm khi thực thi, nhưng không có thông tin cụ thể về quy trình mới nên còn nghi ngờ | AI13: Vì còn mới và chưa triển khai, nên phỏng đoán sẽ tốt hơn cách làm trước đây. Dựa trên kinh nghiệm từ quá khứ thì mọi thứ vẫn làm tốt, nhưng chưa chắc tương lai thế nào vì không biết quá trình chuyển đổi thế nào. | AJ13: 6 | AK13: 6 | AL13: 0 | AM13: Mức thuế mới giảm so với trước đây, nhưng tôi vẫn lo ngại về hiệu quả sử dụng nguồn thu | AN13: Do sức mua bị giảm bởi lạm phát do cung tiền cho các dự án quốc gia, nên cảm thấy 6/10. Thay đổi chưa phù hợp với mức sống thực tế. | AO13: 5 | AP13: 5 | AQ13: 0 | AR13: Tôi tin số tiền thuế đóng sẽ được sử dụng hiệu quả cho dịch vụ công, nhưng cần nhiều thông tin hơn về cách chi tiêu | AS13: Tính hiệu quả từ tiền thuế thu được chưa được minh bạch và giải trình đầy đủ, còn nhiều vụ án tham nhũng khi triển khai dự án công, trong đó có phần tiền thuế đóng góp. | AT13: 6 | AU13: 6 | AV13: 0 | AW13: Nhà nước đã giải thích rõ mục đích của việc sửa đổi, nhưng tôi vẫn mong muốn có thêm minh bạch trong quy trình thực thi | AX13: Chỉ tham khảo từ nguồn truyền thông. Chưa thấy thông tin từ cơ quan thuế, giới học thuật (sách vở). | AY13: 7 | AZ13: 7 | BA13: 0 | BB13: Sau khi tính toán tác động tài chính và thay đổi về biểu thuế, tôi thấy ủng hộ chính sách mới, mặc dù còn nhiều lo ngại. | BC13: Đóng thuế ít hơn, các khung thuế cũng đơn giản hơn. Nhưng tổng thể không đáp ứng được mong đợi so với thực mức sống thực tế. Tuy nhiên, sẽ ủng hộ nếu thu thuế tốt cho cả quốc gia nếu xài tiền thuế thu được hiệu quả.
... A126: 25 | B126: 5 | C126: 2447 | D126: Nữ | E126: 40 - 49 | F126: Thành thị | G126: Đại học | H126: Chính thức | I126: 15 | J126: 2 | K126: 9 | L126: 8 | M126: -1 | N126: Việc tăng giảm trừ gia cảnh và đơn giản hóa biểu thuế làm giảm khả năng trốn thuế, thêm vào đó công nghệ hiện đại giúp nhà nước quản lý hiệu quả. | O126: rõ ràng, minh bạch hơn | P126: 8 | Q126: 8 | R126: 0 | S126: Nhà nước có đủ nguồn lực và công nghệ để giám sát và xử lý các hành vi gian lận thuế một cách nhanh chóng và chính xác. | T126: quản lý cơ sở dữ liệu khoa học, hiện đại hơn | U126: 9 | V126: 8 | W126: -1 | X126: Thủ tục khai báo thuế đơn giản hơn, dễ thực hiện và ít rườm rà so với trước đây. | Y126: đã có thủ tục hành chính rõ ràng cụ thể, dịch vụ hành chính công | Z126: 8 | AA126: 8 | AB126: 0 | AC126: Bậc thuế mới rõ ràng và dễ hiểu hơn, giảm bớt sự phức tạp khi tính toán thuế. | AD126: có phương án tính rõ ràng | AE126: 9 | AF126: 8 | AG126: -1 | AH126: Nhà nước đã cải cách thuế một cách công bằng và khách quan, đảm bảo mọi người nộp thuế đều được đối xử bình đẳng. | AI126: vì chính sách, quy định, thủ tục minh bạch, rõ ràng, công khai | AJ126: 8 | AK126: 8 | AL126: 0 | AM126: Dựa trên mức giảm trừ gia cảnh cao hơn thu nhập của tôi, tôi thấy mức thuế mới là hợp lý. | AN126: người thu nhập như tôi đóng mức này là hợp lý | AO126: 9 | AP126: 9 | AQ126: 0 | AR126: Nhà nước đang sử dụng số tiền thuế này để cải thiện chất lượng các dịch vụ công và cơ sở hạ tầng. | AS126: Nhà nước đang sử dụng rất hiệu quả để cải thiện hàng hoá công và dịch vụ công | AT126: 8 | AU126: 8 | AV126: 0 | AW126: Các biện pháp cải cách thuế đã được giải thích rõ ràng trên các phương tiện truyền thông, thể hiện sự minh bạch của chính phủ. | AX126: giải thích rõ ràng, công khai trên các phương tiện truyền thông | AY126: 9 | AZ126: 10 | BA126: 1 | BB126: Tôi ủng hộ và tuân thủ chính sách mới vì nó công bằng hơn so với trước đây. | BC126: tôi ủng hộ và tuân thủ chính sách thuế của Nhà nước

Sheet interview_responses
A1: Timestamp | B1: Giới tính của bạn: | C1: Độ tuổi của bạn: | D1: Khu vực bạn đang sinh sống: | E1: Trình độ học vấn cao nhất: | F1: Tình trạng việc làm chính: | G1: Thu nhập bình quân tháng theo Hợp đồng lao động của bạn là bao nhiêu? (Vui lòng điền tổng thu nhập trước khi khấu trừ các loại Bảo hiểm (BHXH, BHYT, BHTN) và Thuế TNCN) | H1: Số người phụ thuộc (con nhỏ, cha mẹ già...) đủ điều kiện giảm trừ gia cảnh: | I1: Tôi tin rằng với các quy định quản lý thuế hiện nay, hành vi gian lận hoặc trốn thuế sẽ dễ dàng bị phát hiện và xử lý nghiêm. - HUMAN-ENF1 | J1: Lý do - HUMAN-ENF1 | K1: Tôi tin rằng Nhà nước, cơ quan thuế có đủ khả năng và công nghệ để phát hiện, xử lý nghiêm các hành vi trốn thuế. - HUMAN-ENF2 | L1: Lý do - HUMAN-ENF2 | M1: Các thủ tục khai báo thuế VÀ/HOẶC quy trình làm việc với cơ quan thuế đơn giản, tiện lợi, nhanh chóng hơn so với trước đây. - HUMAN-FAC1 | N1: Lý do - HUMAN-FAC1 | O1: So với trước đây, tôi thấy cách tính thuế và các bậc thuế trong phương án mới đơn giản, dễ hiểu và dễ thực hiện hơn. - HUMAN-FAC2 | P1: Lý do - HUMAN-FAC2 | Q1: Tôi tin rằng Nhà nước, cơ quan thuế sẽ thực thi chính sách mới một cách khách quan, công tâm và đối xử bình đẳng với mọi người nộp thuế. - HUMAN-TRU1 | R1: Lý do - HUMAN-TRU1 | S1: Tôi thấy mức thuế tôi phải đóng theo phương án mới là công bằng (người thu nhập như tôi đóng mức này là hợp lý). - HUMAN-TRU2 | T1: Lý do - HUMAN-TRU2 | U1: Tôi tin tưởng số tiền thuế tôi đóng sẽ được Nhà nước sử dụng hiệu quả để cải thiện dịch vụ công (y tế, đường xá...). - HUMAN-TRU3 | V1: Lý do - HUMAN-TRU3 | W1: Tôi thấy Nhà nước đã giải thích rõ ràng, minh bạch về lý do và mục tiêu của việc sửa đổi thuế lần này. - HUMAN-TRU4 | X1: Lý do - HUMAN-TRU4 | Y1: Sau khi xem xét các quyền lợi và nghĩa vụ, bạn có ủng hộ và tuân thủ chính sách mới hiện nay? - HUMAN-OUT1 | Z1: Lý do - HUMAN-OUT1 | AA1: Vui lòng phân bổ tổng cộng 100 điểm vào 3 yếu tố dưới đây (Tổng 3 ô phải bằng đúng 100): Tổng điểm = Thực thi + Thuận tiện + Niềm tin = 100 điểm Tính Thực thi (Enforcement): ............ điểm | AB1: Vui lòng phân bổ tổng cộng 100 điểm vào 3 yếu tố dưới đây (Tổng 3 ô phải bằng đúng 100): Tổng điểm = Thực thi + Thuận tiện + Niềm tin = 100 điểm Tính Thuận tiện (Facilitation): ............ điểm | AC1: Vui lòng phân bổ tổng cộng 100 điểm vào 3 yếu tố dưới đây (Tổng 3 ô phải bằng đúng 100): Tổng điểm = Thực thi + Thuận tiện + Niềm tin = 100 điểm Niềm tin (Trust): ............ điểm | AD1: Nghề nghiệp | AE1: Total
A2: 46014.849 | B2: Nữ | C2: 30 - 39 | D2: Thành thị | E2: Sau Đại học | F2: Khu vực chính thức (Có Hợp đồng lao động, đóng BHXH) | G2: Từ 23 - 32 triệu VNĐ | H2: 1 người | I2: 5 | J2: Các thay đổi hiện tại chỉ mới dừng lại ở việc giảm bậc thuế, giúp người đóng thuế cảm thấy đơn giản và nhẹ gánh trong việc đóng thuế TNCN. Chưa thấy nhiều thay đổi về các chế tài pháp lý hay xử phạt. | K2: 5 | L2: Đồng ý. Quan trọng là cơ quan thuế có muốn thực thi hay không. | M2: 1 | N2: Form khai báo/phản ánh không đồng bộ, thông tin liên hệ không có, không có người tiếp nhận, hỗ trợ. Phần mềm eTax cũng không có phản hồi người nộp thuế. Người khai báo thuế gặp vấn đề bị người khác sử dụng CCCD để đăng ký mã số thuế tại 1 DN không làm việc mà cơ quan thuế không biết/không xử lý dù đã phản ánh nhiều lần. | O2: 10 | P2: Hoàn toàn đồng ý vì trước đây 7 bậc là quá nhiều, khó để tính toán. | Q2: 5 | R2: Các thay đổi hiện tại chỉ mới dừng lại ở việc giảm bậc thuế, giúp người đóng thuế cảm thấy đơn giản và nhẹ gánh trong việc đóng thuế TNCN. Chưa thấy nhiều thay đổi về các chế tài pháp lý hay xử phạt. | S2: 10 | T2: Vì theo chính sách mới, tôi không phải đóng thuế nữa. Hoàn toàn đồng ý. | U2: 5 | V2: Khi nào các chính sách chế tài được xử lý nghiêm, giải quyết vấn đề tham nhũng thì lòng tin của tôi sẽ cao hơn. | W2: 10 | X2: Hoàn toàn đồng ý về việc truyền thông và giải thích của Chính phủ. | Y2: 9 | Z2: Ủng hộ việc giảm bậc, tăng mức giảm trừ gia cảnh nhưng niềm tin về việc thực thi chính sách thì không cao cho đến khi việc thực thi các chế tài là rõ ràng, minh bạch, nghiêm khắc. Nhìn chung, vì chính sách mới giúp tôi không phải đóng thuế nữa nên mức độ ủng hộ cao. | AA2: 35 | AB2: 40 | AC2: 25 | AD2: Nhân viên văn phòng - Chuyên viên bảo hiểm | AE2: =SUM(AA2:AC2) -> 100
A3: 46015.4 | B3: Nữ | C3: 30 - 39 | D3: Thành thị | E3: Đại học | F3: Khu vực phi chính thức (Lao động tự do, không có HĐLĐ) | G3: Từ 12 - 18 triệu VNĐ | H3: 2 người | I3: 5 | J3: Dù khâu thực thi được chú trọng và nhiều cải thiện. Người dân hiểu và tuân thủ hơn. Nhưng thay đổi chỉ mới gần đây, chưa chắc được hiệu quả trong tương lai. | K3: 5 | L3: Dù khâu thực thi được chú trọng và nhiều cải thiện. Người dân hiểu và tuân thủ hơn. Nhưng thay đổi chỉ mới gần đây, chưa chắc được hiệu quả trong tương lai. | M3: 4 | N3: Có cải thiện nhưng đang trong quá trình chuyển giao, thay đổi từ offline sang online nên mọi thứ vẫn còn ngổn ngang, không biết liên hệ ai. | O3: 5 | P3: Không thay đổi về mức độ đóng thuế dù thay đổi bậc thuế, ngưỡng thuế. | Q3: 5 | R3: Dù khâu thực thi được chú trọng và nhiều cải thiện. Người dân hiểu và tuân thủ hơn. Nhưng thay đổi chỉ mới gần đây, chưa chắc được hiệu quả trong tương lai. | S3: 5 | T3: Không thay đổi về mức độ đóng thuế dù thay đổi bậc thuế, ngưỡng thuế. | U3: 5 | V3: Giống với quan điểm trước đó vì mọi thứ vẫn chưa rõ ràng. | W3: 5 | X3: Giống với quan điểm trước đó vì mọi thứ vẫn chưa rõ ràng. | Y3: 5 | Z3: Giống với quan điểm trước đó vì mọi thứ vẫn chưa rõ ràng. | AA3: 40 | AB3: 30 | AC3: 30 | AD3: Luật sư | AE3: =SUM(AA3:AC3) -> 100
A4: 46015.447 | B4: Nam | C4: 40 - 49 | D4: Thành thị | E4: Đại học | F4: Khu vực phi chính thức (Lao động tự do, không có HĐLĐ) | G4: Từ 23 - 32 triệu VNĐ | H4: 3 người | I4: 10 | J4: Áp dụng công nghệ định danh, rà soát tài khoản tự động các nguồn thu thông qua yêu cầu bên trung gian thanh toán, phán đoán cá nhân. | K4: 10 | L4: Công nghệ hiện đại | M4: 5 | N4: Vẫn thấy có nhiều khó khăn khi dùng Etax mobile. Chưa rõ phần mềm có cập nhật, thay đổi theo chính sách mới hay không. | O4: 7 | P4: Chưa làm theo quy định mới nhưng từ truyền thông giải thích thì cảm giác có sự tốt hơn | Q4: 7 | R4: Vì còn mới và chưa triển khai, nên phỏng đoán sẽ tốt hơn cách làm trước đây. Dựa trên kinh nghiệm từ quá khứ thì mọi thứ vẫn làm tốt, nhưng chưa chắc tương lai thế nào vì không biết quá trình chuyển đổi thế nào. | S4: 6 | T4: Do sức mua bị giảm bởi lạm phát do cung tiền cho các dự án quốc gia, nên cảm thấy 6/10. Thay đổi chưa phù hợp với mức sống thực tế. | U4: 5 | V4: Tính hiệu quả từ tiền thuế thu được chưa được minh bạch và giải trình đầy đủ, còn nhiều vụ án tham nhũng khi triển khai dự án công, trong đó có phần tiền thuế đóng góp. | W4: 6 | X4: Chỉ tham khảo từ nguồn truyền thông. Chưa thấy thông tin từ cơ quan thuế, giới học thuật (sách vở). | Y4: 7 | Z4: Đóng thuế ít hơn, các khung thuế cũng đơn giản hơn. Nhưng tổng thể không đáp ứng được mong đợi so với thực mức sống thực tế. Tuy nhiên, sẽ ủng hộ nếu thu thuế tốt cho cả quốc gia nếu xài tiền thuế thu được hiệu quả. | AA4: 50 | AB4: 20 | AC4: 30 | AD4: Luật sư | AE4: =SUM(AA4:AC4) -> 100
A5: 46015.471 | B5: Nữ | C5: 40 - 49 | D5: Thành thị | E5: Sau Đại học | F5: Khu vực chính thức (Có Hợp đồng lao động, đóng BHXH) | G5: Từ 70 - 102 triệu VNĐ | H5: 2 người | I5: 6 | J5: Người có thu nhập phi chính thức còn nhiều và Nhà nước hiện nay chưa quản lý được. | K5: 5 | L5: Hiện nay các khoản doanh thu bán lẻ không xuất hóa đơn vẫn còn cao, như doanh thu bán lẻ, cái này chưa có công nghệ quản lý. | M5: 2 | N5: Thủ tục khai báo phức tạp, tôi phải thường nhờ dịch vụ làm thì sẽ thuận tiện, nhanh chóng hơn. Còn người dân bình thường sẽ khó xử lý vì không có mối quan hệ để hỏi người chịu trách nhiệm chính, hỗ trợ. | O5: 7 | P5: Đơn giản hơn vì nó ít bậc hơn. | Q5: 7 | R5: Tôi hi vọng thế. Hiện tại, Nhà nước cũng đang cố gắng minh bạch, đưa ra nhiều chính sách cải tiến để giúp việc thực thi chính sách tốt hơn. | S5: 7 | T5: Mức giảm trừ được nâng lên, và các bậc thuế cũng thấp hơn. Tuy nhiên, chưa phản ánh đúng với thực tế, mức sống hiện nay. | U5: 5 | V5: Tôi không quá tin vào điều này vì hàng năm vẫn thấy sự thất thoát, tuy nhiên tôi tin năng lực quản lý nhà nước sẽ tăng lên. | W5: 7 | X5: Nó được lấy ý kiến từ người dân và công khai thông tin rõ ràng. Truyền thông rõ ràng từng chặng, từng bước quá trình luật hình thành. | Y5: 8 | Z5: Vì đóng thuế là nghĩa vụ công dân để xây dựng đất nước và mức thuế này cũng hợp lý. Tuy nhiên, chưa phản ánh hoàn toàn thực tế hiện nay. | AA5: 30 | AB5: 40 | AC5: 30 | AD5: Nhân viên văn phòng - Chuyên viên ngân hàng | AE5: =SUM(AA5:AC5) -> 100
A6: 46015.502 | B6: Nữ | C6: 40 - 49 | D6: Thành thị | E6: Đại học | F6: Khu vực chính thức (Có Hợp đồng lao động, đóng BHXH) | G6: Trên 102 triệu VNĐ | H6: 2 người | I6: 8 | J6: Khi cảm giác về gánh nặng thuế giảm sẽ khuyến khích người đóng thuế tích cực kê khai nộp thuế hơn. Hiện nay, cơ quan thuế cũng đang triển khai rất quyết liệt, nhanh và hiệu quả. | K6: 8 | L6: Qua kinh nghiệm hệ thống hoá đơn điện tử từ VAT hay thuế DN thì làm rất hiệu quả. Hiện nay, cơ quan thuế cũng đang triển khai rất quyết liệt, nhanh và hiệu quả. | M6: 8 | N6: Không khai báo trực tiếp nên không trả lời được chính xác. Do công ty đóng nên chưa nhiều trải nghiệm. Nghe qua một vài chia sẻ thì thấy tích cực, tốt. Tuy nhiên, trong quá khứ thì có trải nghiệm chưa tốt, dù hiện tại trải nghiệm tốt hơn từ chia sẻ bạn bè, người thân. Có sự cải tiến nhiều. | O6: 9 | P6: Có sự giãn cách giữa các bậc. Cơ bản cũng không quan tâm nhiều do nhân sự, kế toán làm hết rồi. Qua truyền thông, báo chí thì thấy có sự đơn giản, dễ hiểu. | Q6: 6 | R6: Hiện mới chỉ nắm được người có tóc, chưa xử lý được những người nằm ngoài tầm kiểm soát hay khó quản lý. Chưa có chính sách khuyến khích người thu nhập cao chủ động khai báo thuế, minh bạch các nguồn thu. | S6: 7 | T6: Tương tự câu trên, mới nắm được người có tóc | U6: 5 | V6: Chưa “cảm nhận” được. Không biết tiền đi đâu, về đâu, làm gì. Vẫn thấy được nguồn thu được sử dụng nhưng vấn đề là chưa rõ ràng, chưa thấy hiệu quả, minh bạch. | W6: 8 | X6: Đọc nhiều tin bài, hội thảo, truyền thông tốt, giải thích dễ hiểu. | Y6: 8 | Z6: Buộc phải tuân thủ nhưng kỳ vọng có chính sách bao trùm hơn. Chính sách mới có những nỗ lực điều chỉnh tích cực hơn nhưng vẫn chưa hướng tới được những người có thu nhập đáng lẽ chịu thuế phải tự động khai báo thay vì phải đi thanh tra, xử phạt. Phải có cơ chế thưởng phạt. Hiện tại chỉ dừng lại ở phạt, chưa có chính sách khuyến khích. | AA6: 30 | AB6: 40 | AC6: 30 | AD6: Nhân viên văn phòng - Giám đốc đối ngoại | AE6: =SUM(AA6:AC6) -> 100
A7: 46015.914 | B7: Nam | C7: 40 - 49 | D7: Thành thị | E7: Sau Đại học | F7: Khu vực phi chính thức (Lao động tự do, không có HĐLĐ) | G7: Từ 32 - 48 triệu VNĐ | H7: 3 người | I7: 6 | J7: Bậc thuế và mức thuế này vẫn là quá cao, làm giảm động lực làm việc và tăng khả năng gian lận. Sự thay đổi không nhiều so với trước đây với những người có thu nhập cao. | K7: 7 | L7: Nếu áp dụng công nghệ thì việc thực thi sẽ dễ dàng, không khó khăn. Tuy nhiên, trong quá trình thực thi, bằng nhiều cách thức, đối tượng có thể thoát được thuế, đặc biệt thông qua lạm dụng quyền và lợi ích nhóm, trong đó có lao động ở các cơ quan nhà nước có khả năng tự ra luật để mình được đặc quyền. | M7: 5 | N7: Tôi thấy cơ quan thuế Quận 7 thật tệ. Ngoài ra, đang trong quá trình chuyển đổi, sáp nhập nên khâu thực thi, hỗ trợ người dân gặp nhiều khó khăn. Và còn có nhiều vấn đề tiêu cực, nhũng nhiễu, gây khó khăn cho người dân. Tuy nhiên, đây là trải nghiệm cá nhân ở một cơ quan, chưa thể đánh giá toàn bộ hệ thống nên nếu chấm điểm quá thấp thì sẽ không công bằng. Vì thế cho điểm trung bình. | O7: 8 | P7: Đồng ý khi có sự thay đổi tốt hơn. | Q7: 6 | R7: Cái này là hy vọng thôi chứ trong giai đoạn nhiều chuyển đổi này thì tôi lo là sẽ nhiều khó khăn và phúc tạp ngoài mong đợi. Vẫn phải chờ đợi thêm. | S7: 3 | T7: Mức và biểu thuế hiện vẫn quá cao, làm giảm động lực làm việc, đặc biệt của tầng lớp trung lưu, không phản ánh đúng với thực tế, mức sống của người dân. Ngoài ra, không phản ánh đúng theo từng vùng. Người dân ở các thành phố lớn có chi phí sống cao hơn nhưng vẫn phải đóng thuế giống với người dân ở các vùng có chi phí sống thấp hơn. | U7: 5 | V7: Tôi lo ngại về hiệu quả đầu tư công của Việt Nam từ xưa đến nay. Có những trải nghiệm không tốt, tiêu cực về các dự án, tài sản công bị thất thoát, lãng phí, tham nhũng. Người dân cũng không được tham gia phản biện vào các dự án lớn và không biết đồng thuế có sử dụng hiệu quả, đúng mục đích hay không. Tuy nhiên, so với các nước kém phát triển, nghèo đói khác thì vẫn có tín hiệu tích cực, tiền thuế vẫn được sử dụng chứ không quá tồi tệ. Sống thì buộc phải hy vọng thôi. | W7: 5 | X7: Có ai hỏi tôi về cải cách thuế này đâu. Vấn đề truyền thông còn hạn chế nên cho điểm trung bình. | Y7: 6 | Z7: Tôi không ủng hộ lắm nhưng sẽ tuân thủ. Trừ 2 điểm thiết kế và trừ 2 điểm thực thi. | AA7: 30 | AB7: 40 | AC7: 30 | AD7: Lao động tự do | AE7: =SUM(AA7:AC7) -> 100
A8: 46016.361 | B8: Nữ | C8: 40 - 49 | D8: Thành thị | E8: Sau Đại học | F8: Khu vực chính thức (Có Hợp đồng lao động, đóng BHXH) | G8: Từ 32 - 48 triệu VNĐ | H8: 2 người | I8: 6 | J8: Cần thêm thu nhập của tổ chức/cá nhân chịu thuế phải rõ ràng, minh bạch. Để phát hiện được hành vi gian lận, trốn thuế thì phải đi từ đầu vào là đo kiểm được thu nhập của tổ chức/cá nhân - nó giải thích cho niềm tin không cao vì lý do này. | K8: 7 | L8: Tôi chỉ nhận định chủ quan trên cơ sở nhà nước đã thu được thuế gia tăng trong thời gian gần đây | M8: 7 | N8: Thủ tục hoàn thuế đơn giản hơn | O8: 7 | P8: Đối với cá nhân tôi thi tôi cảm thấy có đơn giản hơn, tuy nhiên với tổ chức khi phải hỗ trợ ưu đãi thuế cho những cá nhân thuộc đối tượng miễn giảm (nhà khoa hoc, nghiên cứu,...) thì vẫn còn sự phức tạp trong kê khai (thông tin này được nghe phản ánh lại từ bộ phận hỗ trợ thuế) | Q8: 8 | R8: Niềm tin cá nhân đối với chính sách của nhà nước | S8: 5 | T8: Mức giảm trừ gia cảnh nên được điều chỉnh theo khu vực sinh sống, phù hợp hơn với thực tế. | U8: 5 | V8: Nhà nước cần công khai minh bạch dữ liệu thu thuế và đầu tư công tùy theo thẩm quyền quản lý để người dân được biết và giám sát theo quy định pháp luật. Thường thì chọn trung bình là mức trung tính trong những vấn đề còn băn khoăn | W8: 7 | X8: Cảm nhận cá nhân. Cảm thấy truyền thông về thuế TNCN trong thời gian qua có tốt hơn. | Y8: 8 | Z8: Trách nhiệm công dân nên ủng hộ. | AA8: 30 | AB8: 30 | AC8: 40 | AD8: Cán bộ, công chức, viên chức | AE8: =SUM(AA8:AD8) -> 100
A9: 46016.397 | B9: Nữ | C9: 30 - 39 | D9: Thành thị | E9: Sau Đại học | F9: Khu vực chính thức (Có Hợp đồng lao động, đóng BHXH) | G9: Trên 102 triệu VNĐ | H9: 2 người | I9: 10 | J9: Hoàn toàn đồng ý. Chính phủ tăng cường kiểm soát giao dịch ngân hàng để minh bạch dòng tiền cá nhân và chống rửa tiền. | K9: 8 | L9: Khi làm việc với cơ quan thuế thì biết rằng cơ quan thuế đang có những công cụ, phần mềm hỗ trợ kiểm tra thuế cũng như truy cập được nhiều nguồn dữ liệu khác nhau. Tuy nhiên, các phần mềm của chính phù hiện nay chưa được tối ưu, một số doanh nghiệp vẫn có cách trốn thuế. | M9: 4 | N9: Hiện tại phần mềm khai thuế vẫn chưa được friendly và hay gặp lỗi, trải nghiệm không tốt. Phải thuê người làm giúp. Gặp vấn đề thì không biết hỏi ai. | O9: 7 | P9: 5 bậc sẽ ít hơn 7 bậc tuy nhiên mức giảm trừ gia cảnh chưa hợp lý, chưa sát với thực tế. Chưa phản ánh những vấn đề như nuôi con, vay tiền mua nhà, vay ngân hàng. | Q9: 5 | R9: Chính phủ đang siết chặt thu thuế, trong khi đó chưa áp dụng các chính sách hỗ trợ người dân giảm trừ như mua nhà, con đi học. Chưa có đánh giá tác động cho các nhóm đối tượng khác nhau cũng như đánh giá tác động trong tương lai. | S9: 5 | T9: Tôi chưa tính được khi áp dụng thuế mới mức đóng cụ thể là bao nhiêu. Không thay đổi khi chính sách mới áp dụng. | U9: 5 | V9: Chưa chắc, k có niềm tin lắm nhưng vẫn có niềm tin. Vẫn đánh giá thuế có sử dụng cho dịch vụ công. Chính phủ có lắng nghe phản hồi của người dân, có một chút thay đổi. Vì thế cho điểm số ở mức trung bình. | W9: 5 | X9: Mục tiêu chính thì hiểu, rationale đưa ra ngưỡng thì chưa hiểu lắm, Chính phủ cũng chưa forseen được mức trượt giá, lạm phát + giảm trừ gia cảnh. | Y9: 6 | Z9: Không ủng hộ cũng k được. | AA9: 45 | AB9: 25 | AC9: 30 | AD9: Nhân viên văn phòng - Bất động sản | AE9: =SUM(AA9:AC9) -> 100
A10: 46016.639 | B10: Nữ | C10: 30 - 39 | D10: Thành thị | E10: Đại học | F10: Khu vực chính thức (Có Hợp đồng lao động, đóng BHXH) | G10: Từ 70 - 102 triệu VNĐ | H10: 1 người | I10: 7 | J10: Nếu là người lao động trong nhóm chính thức thì thực sự dễ dàng quản lý và cũng khó để trốn thuế, tuy nhiên 2 nhóm còn lại ở khu vực tự do và đã nghỉ hưu thì điều này không thể chắc chắn. Niềm tin chỉ ở mức tương đối. | K10: 7 | L10: Sẽ có thể phát hiện nhưng không thể toàn bộ và ngay lập tức, vì những doanh nghiệp không tuân thủ quy định thì nếu có cơ quan thuế sẽ phải tiến hành điều tra chứ không có hệ thống để nhận diện hành vi vi phạm ngay lập tức. | M10: 5 | N10: Tôi không rõ vấn đề này vì có bộ phận kế toán/nhân sự của công ty xử lý giúp. Chưa có trải nghiệm gì với cơ quan thuế. | O10: 7 | P10: Thực ra thì phương thức lũy tiến như nhau, nhưng giản lược số bậc thuế, và giảm tỷ lệ đóng thì tốt cho người lao động. Cá nhân đóng thuế ít hơn so với trước đây. | Q10: 7 | R10: Nhà nước có chủ động điều chỉnh chính sách thuế mới, như vậy là rất tốt. tuy nhiên cần sự phối hợp của doanh nghiệp thì chính sách thuế mới thực sự hiệu quả. Các doanh nghiệp FDI thì có thể đảm bảo nhưng băn khoăn về các doanh nghiệp SME, doanh nghiệp trong nước hoặc các hộ kinh doanh. Ngoài ra, vấn đề khi thực thi có phụ thuộc vào các cấp cơ quan nhà nước ở dưới, nhỏ hơn có thể không thực hiện đúng với chính sách đề ra. | S10: 8 | T10: Thấp hơn thì sẽ tốt hơn, hiện giờ mức đóng vẫn cao nhưng, giảm trừ gia cảnh và cá nhân còn khá thấp so với mức sống của khu vực thành thị. đặc biệt nhóm người chưa sở hữu nhà riêng. Cá nhân cảm thấy hài lòng vì giảm được thuế so với trước đây. | U10: 6 | V10: Tôi không thấy rằng giữa người đóng thuế cao và thấp có sự khác biệt trong việc hưởng các dịch vụ công tốt hơn, tất cả là như nhau. và qua các năm thì dịch vụ y tế hay đường xá đều không thay đổi dù tiền thuế đóng nhiều hơn, thông qua ở TPHCM hầu như không có nhiều cải thiện về đầu tư hạ tầng công, các trung tâm khám chữa bệnh công chất lượng hơn hay các trung tâm giải trí, bảo tàng nghệ thuật miễn phí cho người dân, hầu hết đều thu phí, và chất lượng không tốt. Mặc dù không hài lòng nhưng nhìn nhận thực tế vì có sự cải thiện, đặc biệt là có Metro ở Hồ Chí Minh. | W10: 5 | X10: Tôi thấy ko quá cần thiết, vì cơ bản là có cải thiện cho đối tượng thu nhập của tôi. tuy nhiên việc sử dụng thuế vào đâu thì cần làm rõ. Không theo dõi quá trình chính sách để hình thành nên không nắm rõ thông tin. Quan trọng là giảm thuế thì cũng không cần giải thích nhiều. | Y10: 7 | Z10: Là công dân thì phải tuân thủ theo quy định tuyệt đối nhưng về mặt ủng hộ thì ở mức khá. | AA10: 60 | AB10: 15 | AC10: 25 | AD10: Nhân viên văn phòng - Bất động sản | AE10: =SUM(AA10:AD10) -> 100
A11: 46019.633 | B11: Nữ | C11: 30 - 39 | D11: Nông thôn | E11: Sau Đại học | F11: Khu vực phi chính thức (Lao động tự do, không có HĐLĐ) | G11: Từ 23 - 32 triệu VNĐ | H11: 3 người | I11: 5 | J11: Tôi tin rằng nếu đã có Luật thì ai muốn trốn sẽ có cách lách để k bị phát hiện | K11: 8 | L11: Do họ có thể truy thu dựa vào dòng tiền ra vào tài khoản | M11: 10 | N11: Có thể làm online, nên tôi thấy tiện a | O11: 5 | P11: Tôi thấy như nhau | Q11: 9 | R11: Tại cán bộ thuế ở tôi rất tốt ạ | S11: 2 | T11: Tôi thấy phần trăm đóng thuế còn cao so với tôi | U11: 7 | V11: Dạ do tôi dễ tin người ạ | W11: 8 | X11: Dạ, về cơ bản là đã khá chi tiết và rõ ràng ạ | Y11: 10 | Z11: Dạ, là công dân thì phải tuân thủ, vì không có phương án khác ạ | AA11: 30 | AB11: 40 | AC11: 30 | AD11: Influencer | AE11: =SUM(AA11:AD11) -> 100
A12: 46019.724 | B12: Nữ | C12: 40 - 49 | D12: Thành thị | E12: Sau Đại học | F12: Khu vực chính thức (Có Hợp đồng lao động, đóng BHXH) | G12: Trên 102 triệu VNĐ | H12: 2 người | I12: 4 | J12: Vì tham nhũng, nhũng nhiễu | K12: 5 | L12: Vì hệ thống và luật định còn mơ hồ, nhiều kẽ hỡ | M12: 6 | N12: Quy trình đơn giản hơn, nhưng hệ thống vẫn chưa kiện toàn, nhân sự chưa sắp xếp ổn | O12: 5 | P12: Không khác lắm | Q12: 4 | R12: Với tôi, thuế vẫn đang nắm trên những người tầng lớp trung lưu, làm công ăn lương | S12: 2 | T12: Mức bắt đầu đóng thuế ở mỗi mức quá cao so với mặt bằng chung trong khu vực | U12: 2 | V12: Tham nhũng, không minh bạch, | W12: 6 | X12: Đã giải thích nhưng không thuyết phục, chủ yếu là thiếu data support cho việc ra quyết định | Y12: 5 | Z12: Tôi tuân thủ, nhưng với tôi mức thuế hiện tại đang đóng quá cao, trong khi lạm phát đang phi mã | AA12: 45 | AB12: 35 | AC12: 20 | AD12: Nhân viên văn phòng - Dược | AE12: =SUM(AA12:AD12) -> 100
A13: 46019.742 | B13: Nam | C13: 30 - 39 | D13: Thành thị | E13: Đại học | F13: Khu vực chính thức (Có Hợp đồng lao động, đóng BHXH) | G13: Từ 12 - 18 triệu VNĐ | H13: 1 người | I13: 8 | J13: Nếu Nhà nước số hóa dần, nộp thuế trên ETax thì và có barem cụ thể thì khả năng gian lận sẽ giảm xuống, tuy nhiên có thể đang trong quá trình làm nên vẫn cần thêm thời gian. | K13: 6 | L13: Tôi có lòng tin chưa cao lắm với Nhà nước trong nhiều vấn đề, trong đó có vấn đề công nghệ. | M13: 9 | N13: Cái này thì tôi thấy có cải thiện, do 2 năm khai thuế bằng ETax thì tiện hơn. | O13: 8 | P13: Tôi thấy logic cơ bản thì ko khác gì, chỉ điều chỉnh mốc con số nên về tính đơn giản, dễ hiểu, dễ thực hiện thì vẫn không thay đổi, nhưng cách tính thì vẫn khá dễ hiểu. | Q13: 7 | R13: Tôi ko có cơ sở nào nhưng lòng tin thì ở mức trung bình khá. | S13: 8 | T13: Tôi thấy điều chỉnh theo hướng cải thiện nên vẫn ok. | U13: 4 | V13: Tôi không tin tưởng việc này, nhìn thấy dịch vụ và hàng hóa công ở mức trung bình đến tệ. | W13: 6 | X13: Tôi thấy cũng có chia sẻ, truyền thông báo chí về việc này nên cũng tạm ok. | Y13: 7 | Z13: Tôi ủng hộ vì nhìn chung mức thuế suất có điều chỉnh tốt hơn; vấn đề còn lại là Nhà nước dùng thuế hiệu quả đến đâu thôi. | AA13: 35 | AB13: 45 | AC13: 20 | AD13: Chủ doanh nghiệp | AE13: =SUM(AA13:AD13) -> 100
A14: 46019.767 | B14: Nữ | C14: 40 - 49 | D14: Thành thị | E14: Đại học | F14: Khu vực chính thức (Có Hợp đồng lao động, đóng BHXH) | G14: Trên 102 triệu VNĐ | H14: 1 người | I14: 8 | J14: Thực tế cơ quan thuế dễ dàng phát hiện hạng vi gian lận thuế không phải đến từ các qui định của Luật Thuế TNCN mà đến từ cách triển khai, tuyên truyền ở bước thực thi: áp dụng công nghệ, data cross - check, thanh tra thuế, CQĐT . | K14: 9 | L14: Khuyến khích hành vi tiêu dùng cashless của cá nhân, siết chặt các giao dịch cash của hộ kinh doanh cá thể và DN | M14: 5 | N14: Trang web cau co quan thue vẫn chưa hỗ trợ chức năngtruy suất thông tin lịch sử về hồ sơ kê khai và nộp thúe cá nhân ( chỉ kiểm tra được các thông tin cơ bản, không thể hiênn chi tiết như Canada/ Mỹ) | O14: 8 | P14: Bậc tính thuế ít hơn --> tính toán đơn giản hơn. | Q14: 5 | R14: Không có cơ sở để tin việc này, vì hiện nay các loại dữ liệu để support cơ quan thuế kiểm tra việc tuân thủ thuế chưa đồng bộ giữa các địa phương và các ngành --> nên nếu công dân nào làm trong lĩnh vực buộc phải tuân thủ thì tuân thủ, sống ở địa phương nào mà cơ quan thuế làm gắt hơn thi sẽ nộp thuế đầy đủ hơn.. | S14: 5 | T14: Mức thuế hợp lý nhưng nói công bằng thì không hẳn, nhưu đã nói trên, tuỳ vào linh vực và địa bàn sinh sống thì mức độ nộp thuế khác nhau ( do cơ quan thực thi quyết định) | U14: 5 | V14: Luật ngân sách của VN không phản ánh được điều này, đại biểu QH VN không có nhiều cơ hội để phản biện ngân sách QG một cách phù hợp | W14: 6 | X14: Theo quy định của Luật Ban hành VB pháp luật, Bộ TC đã giải thích đầy đủ nhưng không thuyết phục. | Y14: 9 | Z14: Tôi không có cơ hội để không tuân thủ | AA14: 60 | AB14: 30 | AC14: 10 | AD14: Nhân viên văn phòng - Luật | AE14: =SUM(AA14:AD14) -> 100
A15: 46020.47 | B15: Nam | C15: 25 - 29 | D15: Thành thị | E15: Đại học | F15: Khu vực chính thức (Có Hợp đồng lao động, đóng BHXH) | G15: Từ 12 - 18 triệu VNĐ | H15: 1 người | I15: 9 | J15: Quy định hiện nay chưa có biện pháp chế tài cũng như kiểm soát được giao dịch dòng tiền của cá nhân có phải là thu nhập hay không. Chưa có quy định cụ thể thu nhập từ tiền lương, tiền công phải bắt buộc chuyển khoản qua tài khoản ngân hàng công ty, dẫn đến thu nhập thực tế cao hơn so với mức công ty kê khai. | K15: 10 | L15: Đồng ý vì Nhà nước và cơ quan thuể có đủ công cụ để thực thi. | M15: 4 | N15: Hiên nay, đang khuyến khích, triển khai cá nhân sử dụng app Etax mobile để thực hiện việc nộp thuế, hoàn thuế thu nhập cá nhân. Tuy nhiên, hiện tại app vẫn chưa đầy đủ chức năng (kê khai thuế, thay đổi thông tin cá nhân, hủy mã số thuế không đúng, đăng ký người phụ thuộc,...) để đảm bảo thực hiện các thủ tục, thao tác so với trang thuedientucanhan của Cục Thuế. Do quy định phân cấp, phân quyền nên chưa được đồng bộ quy trình đối với cùng cấp thuế (Thuế cơ sở,...). Đơn vị thì làm việc trực tiếp, đơn vị làm việc qua zalo, mail, điện thoại, đơn vị chỉ làm việc trên hệ thống mà không có thông tin cán bộ quản lý thuế, gây khó khăn trong việc xử lý. | O15: 5 | P15: Chỉ thay đổi bậc thuế, đối với cách tính, cách thực hiện vẫn như cũ. | Q15: 10 | R15: Đồng ý vì Nhà nước đang triển khai các chính sách bao trùm. | S15: 10 | T15: Đồng ý. Tôi cảm thấy mình đóng thuế ít hơn so với trước đây. | U15: 10 | V15: Đồng ý vì Nhà nước đang triển khai nhiều dự án, công trình mang lại lợi ích cho người dân. | W15: 10 | X15: Đồng ý. Thông tin đã được truyền thông rộng rãi qua báo đài. | Y15: 10 | Z15: Đồng ý. Vì đó là nghĩa vụ của công dân và tôi tin chính sách mới tốt hơn nên sẽ tuân theo. | AA15: 30 | AB15: 20 | AC15: 50 | AD15: Cán bộ, công chức, viên chức | AE15: =SUM(AA15:AD15) -> 100
A16: 46020.662 | B16: Nữ | C16: 30 - 39 | D16: Thành thị | E16: Đại học | F16: Khu vực chính thức (Có Hợp đồng lao động, đóng BHXH) | G16: Từ 32 - 48 triệu VNĐ | H16: 1 người | I16: 9 | J16: Với thuế TNCN từ tiền lương, tiền công thì trước khi QH sửa đổi để cải cách biểu thuế, tình trạng gian lận đã rất ít xảy ra. Nếu như có thì chỉ ở đối tượng thuộc diện tự QTT trực tiếp với CQT, còn nếu QTT với công ty thì khó gian lận | K16: 10 | L16: eTax đang liên thông dữ liệu giữa CQT, BHXH và tờ khai của DN khá tốt để đối chiếu cơ sở dữ liệu này | M16: 10 | N16: eTax đang liên thông dữ liệu giữa CQT, BHXH và tờ khai của DN khá tốt để đối chiếu cơ sở dữ liệu này | O16: 10 | P16: Tính thuế thì có công thức sẵn để tính, quan trọng là tính đúng hay sai | Q16: 10 | R16: Không nhận ra sự khác biệt giữa quan điểm thực thi của Luật sửa đổi này với trước đây | S16: 8 | T16: Phần cập nhật GTGC và NPT đã có bậc tiệm cận với mức sống của thành thị | U16: 9 | V16: Đất nước đang vươn mình và chống tham nhũng, lãng phí. Thì tiền thuế đổ vào đầu tư công để phát triển đất nước cũng hợp lý | W16: 9 | X16: Tranh luận rất sôi nổi trên báo chí và các diễn đàn MXH cả năm nay | Y16: 9 | Z16: Không nhìn ra có khía cạnh nào chưa tốt ở biểu thuế luỹ tiến hết | AA16: 20 | AB16: 40 | AC16: 40 | AE16: =SUM(AA16:AD16) -> 100
A17: 46021.878 | B17: Nam | C17: 30 - 39 | D17: Thành thị | E17: Đại học | F17: Khu vực chính thức (Có Hợp đồng lao động, đóng BHXH) | G17: Trên 102 triệu VNĐ | H17: 3 người | I17: 3 | J17: Quy định về quản lý thuế TNCN chưa có cơ chế thực thi và giám sát chặt. Ví dụ người lao động được người sử dụng lao động cho ESOP được yêu cầu phải nộp thuế khi bán cổ phiếu nhưng hoàn toàn dựa trên tự nguyện khai báo của người lao động và cũng chưa có cách thức để giám sát cổ phiếu được mua vào bán ra là cổ phiếu ESOP | K17: 5 | L17: Nhà nước có khả năng phát hiện và xử lý hành vi trốn thuế nhưng chỉ là manual, case by case; chưa có tính hệ thống và truy vết theo batch. Đã biết nhiều case nhà nước có thể trực tiếp truy thu thuế từ tài khoản ngân hàng của người trốn thuế mà người trốn thuế chỉ biết khi đã bị trừ tiền. Tuy nhiên, tôi tin rằng đây là những trường hợp lọt vào tầm ngắm của cơ quan do giàu có, nổi tiếng, tố cáo | M17: 9 | N17: Đồng ý, với ứng dụng eTax việc tra cứu thuế, nộp thuế thuận tiện bao gồm cả thuế kinh doanh, thuế bán tài sản, thuế trước bạ | O17: 1 | P17: chỉ thay đổi các tham số và bậc, cách tính ko thay đổi | Q17: 3 | R17: thay đổi tham số ko làm thay đổi các ứng xử của cơ quan thuế | S17: 7 | T17: tôi thấy phương án giảm trừ gia cảnh mới phù hợp hơn với thực tế đời sống nhưng vẫn chưa phản ánh đúng, đặc biệt là mức sống rất khác nhau theo vùng miền | U17: 2 | V17: tôi ko rõ tiền thuế được sử dụng như thế nào | W17: 6 | X17: tôi không tìm thấy nhiều thông tin về lý do và mục tiêu sửa đổi | Y17: 8 | Z17: tôi đóng ít hơn nên tôi ủng hộ :) | AA17: 25 | AB17: 40 | AC17: 35 | AE17: =SUM(AA17:AD17) -> 100
A18: 46022.385 | B18: Nữ | C18: 30 - 39 | D18: Thành thị | E18: Sau Đại học | F18: Khu vực chính thức (Có Hợp đồng lao động, đóng BHXH) | G18: Từ 32 - 48 triệu VNĐ | H18: 0 người | I18: 8 | J18: Các quy định quản lý thuế hiện nay được sửa đổi chặt chẽ hơn, nhưng có thể chưa đủ mức kiểm soát 100% đối với hành vi gian lận tinh vi. | K18: 8 | L18: Nhà nước, cơ quan thuế đang tăng cường khả năng và công nghệ để phát hiện, xử lý nghiêm các hành vi trốn thuế, nhưng có thể chưa đủ mức phát hiện 100% đối với hành vi gian lận tinh vi. | M18: 5 | N18: Các thủ tục chuyển từ trực tiếp sang trực tuyến thì nhanh chóng hơn. Nhưng vì các thủ tục kiểm soát được tăng cường nên có thể không đơn giản hơn. | O18: 10 | P18: Đối với riêng cá nhân thì tôi thấy dễ thực hiện hơn vì biểu thuế ít bậc hơn. | Q18: 8 | R18: Chính sách thuế của Nhà nước luôn có mục tiêu khách quan, công tâm và đối xử bình đẳng với mọi người nộp thuế. Nhưng người thực thi là cá nhân, cũng giống như mọi công dân sẽ có thiên kiến riêng của mình. | S18: 8 | T18: Tôi thấy công bằng ở mức độ tương đối. Nếu so sánh với biểu thuế cũ thì biểu thuế mới được sửa đổi tốt hơn rồi. | U18: 8 | V18: Tôi nhận thấy Nhà nước đã nỗ lực sử dụng nhiều nguồn ngân sách để đầu tư công, phát triển cơ sở hạ tầng và cải thiện đời sống người dân gần đây trong năm 2025. Tuy nhiên, việc đánh giá hiệu quả chưa có KPI rõ ràng để xem xét. | W18: 8 | X18: Nhà nước đã truyền thông rõ ràng, minh bạch về lý do và mục tiêu của việc sửa đổi thuế lần này một cách tương đối. | Y18: 10 | Z18: Tôi thấy chính sách mới có hướng sửa đổi tích cực so với trước đây nên ủng hộ và tuân thủ chính sách mới. | AA18: 20 | AB18: 50 | AC18: 30 | AD18: Nhân viên phòng văn - Ngân hàng | AE18: =SUM(AA18:AD18) -> 100
A19: 46023.603 | B19: Nữ | C19: 30 - 39 | D19: Thành thị | E19: Đại học | F19: Khu vực chính thức (Có Hợp đồng lao động, đóng BHXH) | G19: Từ 32 - 48 triệu VNĐ | H19: 2 người | I19: 9 | J19: Đô thị là nơi tập trung kinh tế, tại đó giao dịch thanh toán phần lớn bằng điện tử, các dấu vết dễ dàng truy xuất, lưu lại dấu vết. Hoá đơn cũng bắt buộc xuất điện tử. Chế tài xử phạt tăng, điều tra xử lý vi phạm trên diện rộng đã tăng tính răn đe. | K19: 7 | L19: Khi điều tra sẽ phát hiện, nhưng nguồn lực và công nghệ để rà soát toàn bộ hoạt động kinh tế ở giai đoạn hiện tại thì chưa | M19: 5 | N19: Ko biết do tôi chưa từng làm thủ tục | O19: 5 | P19: Câu hỏi chưa rõ. Dễ tính - dễ thực hiện với ai? Với người làm ctac khấu trừ thuế hay với cơ quan nhà nước?nếu với người lao động bình thường thì do tôi ko tự đọc quy định, ko tự tính nên ko biết có dễ hiểu ko, tôi sẽ hỏi chat GPT hoặc các web và nhập số liệu chờ kết quả. Tôi cũng ko phải người tính thuế ở cty nên ko biết so vs trước đây dễ hay khó hơn. | Q19: 5 | R19: Nếu đối với những người cùng đối tượng chịu thuế tại cùng khu vực sống sẽ bình đẳng, nhưng giữa người làm công với người kinh doanh nhỏ lẻ thì ko biết vì tôi ko tìm hiểu quy định, giữa người sống ở thành thị với nông thôn ko biết có áp dụng hệ số và chênh lệch theo chi phí sinh hoạt hay ko, nếu ko thì ko bình đẳng | S19: 9 | T19: Số thuế nhỏ , phù hợp để đóng góp 1 chút cho ngân sách nn | U19: 6 | V19: Chiến lược cải cách đang thực hiện trên diện rộng, tôi tin chính sách chung là đúng đắn nhưng ko biết năng lực thực thi của cả hệ thống có đáp ứng đc ko, lãnh đạo đất nước ko phải người đc đào tạo bài bản về kinh tế, ko tin lắm sẽ làm đc | W19: 6 | X19: Ko nghe, ko đọc giải thích nên ko biết | Y19: 9 | Z19: Tôi đóng ít hơn và phù hợp thì ủng hộ thôi | AA19: 30 | AB19: 30 | AC19: 40 | AE19: =SUM(AA19:AD19) -> 100
A20: 46023.87 | B20: Nữ | C20: 40 - 49 | D20: Thành thị | E20: Sau Đại học | F20: Khu vực chính thức (Có Hợp đồng lao động, đóng BHXH) | G20: Trên 102 triệu VNĐ | H20: 2 người | I20: 4 | J20: Tôi không thấy nhà nước có giải pháp truy thu thuế hiệu quả, cụ thể là tình trạng trốn thuế/đóng thuế không đúng theo quy định vẫn diễn ra. Ngoài ra, như báo đài đưa tin, 1 số truong hợp người Việt không được thông quan khi đi nước ngoài chỉ vì chưa hoàn tất nợ thuế . Tuy nhiên số nợ đó họ không hề biết đến => chứng tỏ bộ máy quản lý đang còn rất lỏng lẻo. | K20: 6 | L20: Điểm này tôi đồng ý, quan trọng Nhà nước có tiến hành làm 1 cách triệt để hay không. Vấn đề chủ yếu theo tôi xuất phát từ nguồn nhân lực quản ly bên Thuế (khả năng quản lý, tính chịu trách nhiệm, kế hoạch triển khai - bao gồm cả vấn đề truyền thông đến người nộp thuế) | M20: 5 | N20: Có sự thay đổi nhưng vấn đề về thủ tục giấy tờ vẫn còn nhiêu khê, chưa có tính thống nhất. Chưa hoàn toàn automation mà vẫn phải làm đơn từ thông qua in writing. Ví dụ: hằng năm, công ty tôi vẫn yêu cầu từng nhân viên điền & ký giấy tờ xác nhận uỷ quyền khai báo, confirm chỉ có 1 nguồn thu nhập, rồi từ đó Hr mới có cơ sở làm thủ tục => tại sao đã có phần mềm etax mà không tận dụng? Ngoài ra, Nhà nước đang sử dụng quá nhiều app. Tại sao không tích hợp thông tin tax vào app vssid để tiện quản lý? | O20: 6 | P20: Đồng ý. Việc giảm thiểu bớt số bậc tính thuế giúp dễ nhớ & dễ tính toán. | Q20: 4 | R20: Cho đến khi các hành vi tiêu cực, bao gồm cách thức quản lý lỏng lẻo còn diễn ra thì sự công tâm, bình đẳng sẽ không thể tồn tại | S20: 5 | T20: Trên thực tế với mức lương như tôi đang hưởng, mức giảm trừ thuế theo quy định mới không giúp giảm được nhiều | U20: 4 | V20: Mức độ đồng ý của tôi khá thấp, vì tôi không thấy các thông tin này được công khai rộng rãi, nên tôi ko rõ phần thuế mình đóng được Nhà nước sử dụng như thế nào. Chưa kể việc ăn chặn tiền Thuế của 1 số cán bộ khiến tôi không thể đặt sự tin tưởng được. | W20: 5 | X20: Neutral. Tôi đồng ý trong các văn bản hiện hành (bao gồm báo đài) thông tin rất rõ ràng. Tuy nhiên, tính minh bạch, rõ ràng còn thể hiện qua mức độ truyền thông tin của Nhà nước đến với người lao động. Tôi đánh giá chưa thật sự hiệu quả. Tôi tin ở thời điểm hiện tại, vẫn có những người chưa hề hay biết về mục đích, tinh hiệu quả của sự thay đổi này. | Y20: 5 | Z20: Tôi vẫn sẽ tuân thủ nhưng tôi mong nhà nước cần đánh giá lại cách tính thuế với những người có mức lương như tôi. Tôi nhận thấy người làm công ăn lương khi tuân thủ các nghĩa vụ đóng các khoản theo quy định nhà nước, nhưng khi hưởng chỉ được hưởng ở 1 mức nhất định. Ví dụ bảo hiểm thất nghiệp maximum là 12 tháng dù đi làm 12 năm hay 15 năm. Vậy tại sao đối với thuế thu nhập, không áp dụng mức trần phù hợp với người làm công ăn lương, để những người như chúng tôi cảm thấy nhẹ nhàng hơn khi đóng thuế. | AA20: 30 | AB20: 20 | AC20: 50 | AE20: =SUM(AA20:AD20) -> 100
A21: 46024.301 | B21: Nam | C21: 30 - 39 | D21: Thành thị | E21: Sau Đại học | F21: Khu vực chính thức (Có Hợp đồng lao động, đóng BHXH) | G21: Từ 48 - 70 triệu VNĐ | H21: 1 người | I21: 7 | J21: Thời gian gần đây Nhà nước bắt đầu có sự gay gắt hơn trong việc truy thu thuế, đặc biệt hộ kinh doanh (bao gồm offline & online), đồng thời đưa ra nhiều quy định để kiểm soát chặt vấn đề này từ năm 2026. | K21: 6 | L21: Nhìn chung, trong 2-3 năm trở lại đây, Nhà nước đã đầu tư khá nhiều vào công nghệ nhằm hỗ trợ cho các thủ tục hành chính trở nên tiện lợi hơn, ví dụ như etax nên tôi đồng ý với nhận định này. Tuy nhiên, Nhà nước cần tận dụng tối đa tính năng của ứng dụng trong việc quản lý thuế, tránh việc nửa online nửa offline như hiện tại. | M21: 6 | N21: So với trước đây thì đúng là thủ tục có phần đơn giản hơn nhưng chỉ ở mức tạm chấp nhận. | O21: 8 | P21: Việc giảm thiểu số bậc thuế giúp cho việc tính toán trở nên đơn giản và nhanh chóng | Q21: 6 | R21: Các thay đổi gần đây dù ít hay nhiều đều mang lại tín hiệu tích cực, đặc biệt việc thay đổi mức giảm trừ gia cảnh & người phụ thuộc giúp giảm thiểu gánh nặng tài chính cho người lao động có thu nhập thấp nên tôi đồng ý với câu này. | S21: 6 | T21: Dù giảm không quá nhiều nhưng tôi vẫn cảm thấy hài lòng với sự thay đổi này. | U21: 5 | V21: Ở phần này tôi cần Nhà nước đưa ra thông tin minh bạch hơn vì hiện tôi không biết nhà nước đang thu bao nhiêu, chi bao nhiêu, tỷ trọng chi như thế nào. | W21: 6 | X21: Phần này tôi có đọc qua các thông tin trên báo đài nên thấy mọi thứ đều rõ ràng. | Y21: 7 | Z21: Việc thay đổi thuế TNCN đâu đó giúp cho chính tôi và cả nhân viên bên dưới cảm thấy nhẹ gánh trong việc đóng thuế. Mặc dù mọi việc đều có 2 mặt nhưng tổng quan chung đây vẫn là 1 chính sách tốt từ phía Nhà nước đối với người lao động. | AA21: 50 | AB21: 30 | AC21: 20 | AE21: =SUM(AA21:AD21) -> 100
A22: 46024.367 | B22: Nam | C22: 25 - 29 | D22: Thành thị | E22: Sau Đại học | F22: Khu vực chính thức (Có Hợp đồng lao động, đóng BHXH) | G22: Từ 32 - 48 triệu VNĐ | H22: 0 người | I22: 8 | J22: cơ quan thuế có nhiều dữ liệu để truy xuất và quản lý hơn | K22: 6 | L22: công nghệ có thể đủ, còn về khả năng tôi không chắc | M22: 7 | N22: Không rõ do tôi chưa thực hiện bao giờ. | O22: 8 | P22: Đồng ý. Các bậc giảm đơn giản hơn trước. | Q22: 7 | R22: Dựa vào dữ liệu quá khứ, tôi cảm thấy chưa đủ thuyết phục Nhà nước, cơ quan thuế thực thi khách quan, công bằng. | S22: 6 | T22: Quyền lợi đi kèm chưa phù hợp so với mức thuế phải đóng. | U22: 6 | V22: Không thấy rõ số tiền thuế này được sử dụng hiệu quả thế nào. | W22: 8 | X22: Đồng ý. Tôi thấy nhà nước có truyền thông rõ ràng trên báo chí. | Y22: 8 | Z22: Đồng ý theo góc độ tuân thủ của công dân. | AA22: 45 | AB22: 35 | AC22: 20 | AE22: =SUM(AA22:AD22) -> 100
A23: 46024.446 | B23: Nữ | C23: 30 - 39 | D23: Thành thị | E23: Đại học | F23: Khu vực chính thức (Có Hợp đồng lao động, đóng BHXH) | G23: Từ 70 - 102 triệu VNĐ | H23: 1 người | I23: 7 | J23: Tôi chưa thấy cách quản lý thuế của các nguồn thu nhập không chính thức hoặc từ nước ngoài không qua hợp đồng lao động | K23: 7 | L23: Tương tự câu trước. | M23: 6 | N23: Khi có vấn đề liên hệ với cơ quan thuế vẫn còn rất khó khăn. | O23: 6 | P23: Đơn giản hơn về từ 7 còn 5 bậc. Nguyên tắc tính cũng tương tự trước nên không thể kết luận là dễ hiểu hơn và dễ thực hiện hơn. | Q23: 5 | R23: Để kết luận được điều này cần nhiều dữ liệu hơn. | S23: 6 | T23: Cần thêm dữ liệu và cần biết là đang so sánh với điều gì để kết luận là công bằng hay không. Hiện tại chỉ có thể kết luận là mức đóng ít hơn thì thích hơn. | U23: 3 | V23: Tôi chưa thấy sự minh bạch trong việc sử dụng tiền thuế của dân. | W23: 5 | X23: Tôi chưa chủ động tìm hiểu nhà nước đã giải thích những gì về đợt sửa đổi thuế lần này. Nếu là minh bạch thì theo tôi kênh truyền thông của nhà nước nên mạnh hơn và tiếp cận người nghe rộng rãi hơn. | Y23: 8 | Z23: Ngoài việc tuân thủ, dường như không còn lựa chọn nào khác. | AA23: 35 | AB23: 30 | AC23: 35 | AE23: =SUM(AA23:AD23) -> 100
A24: 46024.601 | B24: Nữ | C24: 40 - 49 | D24: Thành thị | E24: Sau Đại học | F24: Khu vực chính thức (Có Hợp đồng lao động, đóng BHXH) | G24: Trên 102 triệu VNĐ | H24: 2 người | I24: 5 | J24: trên thực tế còn nhiều trường hợp trốn/né thuế khá tinh vi, và sự thiếu minh bạch của chính cán bộ xử lý nên dù cơ quan quản lý có nỗ lực để siết chặt nhưng chưa đến mức "dễ dàng bị phát hiện" và "xử lý nghiêm minh" | K24: 5 | L24: mặc dù cơ quan quản lý đã có những nỗ lực ứng dụng công nghệ vào việc quản lý và giám sát nhưng còn bị hạn chế ở nguồn lực - nhân sự thực hiện - năng lực triển khai một cách đồng bộ trên toàn hệ thống. | M24: 5 | N24: mặc dù đã và đang đẩy mạnh các thủ tục thực hiện online nhưng còn nhiều bước và nhiều loại giấy tờ thủ tục, doanh nghiệp bắt buộc vẫn phải liên hệ trực tiếp cán bộ thuế. | O24: 5 | P24: không quan tâm lắm, việc tính toán này đã có người khác làm | Q24: 5 | R24: hi vọng là vậy, e rằng sẽ vẫn tồn tại sự khác biệt/cách biệt trong việc hiểu và vận dụng chính sách thuế ở các địa phương | S24: 5 | T24: đành phải chấp nhận vì trước nay đã có tổ chức/hiệp hội/đại biểu quốc hội nào thành công trong việc thuyết phục sự diều chỉnh đâu. Còn nhiều khoản chi phí thực tế cũng như các ngưỡng chịu thuế cần được tính toán và xem xét. | U24: 5 | V24: hi vọng là thế, cần có cơ quan giám sát tách bạch và có cơ chế minh bạch/giải trình về việc sử dụng tiền thuế vào các dịch vụ công nào, định kỳ hàng năm trước đại diện người dân | W24: 5 | X24: không phản đối cũng không hoàn toàn đồng ý, cơ bản là nhà nước truyền thông cũng đủ và tạo diễn đàn tranh luận cũng ở mức vừa đủ khi điều chỉnh chính sách về thuế TNCN, không quá khó hiểu hay phức tạp với mặt bằng chung người dân. Nhưng nó vừa đủ với dân trí thức là chính, còn phần đông người dân còn lại thì không nắm được gì nhiều. | Y24: 5 | Z24: sẵn sàng tuân thủ vì không có lựa chọn, tuy nhiên tôi cũng k phản đối, chỉ hi vọng trong tương lai sẽ có nhiều chính sách đc cải thiện | AA24: 30 | AB24: 35 | AC24: 35 | AE24: =SUM(AA24:AD24) -> 100
A25: 46024.698 | B25: Nữ | C25: 30 - 39 | D25: Thành thị | E25: Đại học | F25: Khu vực chính thức (Có Hợp đồng lao động, đóng BHXH) | G25: Từ 32 - 48 triệu VNĐ | H25: 1 người | I25: 5 | J25: Với nhóm thu nhập từ tiền lương, tiền công, cơ chế khấu trừ tại nguồn và hóa đơn – chứng từ điện tử giúp tăng tính minh bạch, nên trốn thuế ‘thô’ sẽ khó hơn và khả năng bị phát hiện cao hơn. Tuy nhiên, ở các nguồn thu khác—nhất là giao dịch tài sản, thu nhập đa nguồn hoặc cấu trúc giao dịch phức tạp—rủi ro gian lận vẫn tồn tại do hạn chế về liên thông dữ liệu, định danh chủ thể hưởng lợi cuối cùng và khả năng theo dõi dòng tiền. Vì vậy, phát hiện được hay không còn phụ thuộc vào mức độ liên thông dữ liệu và năng lực kiểm tra theo rủi ro | K25: 8 | L25: Với công nghệ hiện tại và việc kiểm soát dữ liệu các nhân khá chặt chẽ thông qua VNeID, nhà nước có thể phát hiện các hành vi trốn thuế và xử lý. Mức độ nghiêm khắc sẽ cần tùy thuộc vào tình huống để đánh giá. | M25: 8 | N25: (Câu trả lời được dựa trên quá trình khai thuế trước 1/5/2025) Việc khai báo thuế hiện nay có thể thực hiện qua ứng dụng etax khá tiện lợi, cá nhân nộp thuế không cần mất thời gian đến cơ quan thuế để làm thủ tục, do đó, quy trình khai báo thuế, nộp thuế đã giảm được thời gian cũng như không cần phải tiếp xúc nhiều với cán bộ thuế, tránh những mâu thuẫn xảy ra trong quá trình làm thủ tục. Thủ tục khai thuế của năm 2024 cũng cải thiện hơn trước đó nhiều khi cá nhân nộp thuế không phải tự tìm các giấy tờ nộp thuế liên quan mà đã được tích hợp sẵn. Tuy nhiên, quá trình phản hồi trên hệ thống online chậm hơn kỳ vọng (mất hơn 7 ngày). Vấn đề nộp/nhận thuế qua ngân hàng cũng giới hạn ở các ngân hàng liên kết như BIDV mà không mở cho tất cả các ngân hàng khác, | O25: 8 | P25: Nhìn chung, cách tính thuế và các bậc thuế trong phương án mới đơn giản và dễ hiểu hơn vì đã giảm từ 7 bậc thuế xuống còn 5 bậc. Đơn giản hơn vì mức thu nhập chịu thuế không bị xé nhỏ ra để tính mức thuê TNCN và khoảng thu nhập để nhảy bậc cũng rộng hơn, do đó, người nộp thuế ở bậc 2, bậc 3 có thể giảm bớt nỗi lo về việc thu nhập tăng thêm không đáng kể nhưng mức thu nhập chịu thuế thì tính ở 1 mức khác. - Về tính dễ thực hiện: Cách tính thuế và biểu thuế mới sẽ nhìn chung sẽ dễ thực hiện với người nộp thuế có 1 nguồn thu nhập và mức thu nhập hàng tháng từ dưới 40 triệu, nghĩa là bậc thuế sẽ nằm ở mức 1 và 2 do đây là 2 mức có khoản thuế phải đóng từ 5-10%. Đối với những cá nhân có khoản thu nhập chịu thuế ở bậc 3, 4 và 5, cách tính thuế này có thể sẽ gây khó thực hiện do mức thuế từ 20%-35% là rất cao. Điều này dễ dẫn đến việc các cá nhân nộp thuế sẽ chuyển thu thập .... | Q25: 5 | R25: Bản thân quy định đã chưa thể hiện sự công tâm và bình đẳng với mọi người nộp thuế. Do đó, khi thực thi, cơ quan thuế sẽ dễ dàng thực thi chính sách với những người lao động có 1 nguồn thu nhập tại các doanh nghiệp. Đối với người có nhiều nguồn thu nhập ngoài tiền lương như thu nhập từ đầu tư vốn, chuyển nhượng bất động sản thì việc quản lý nguồn thu nhập sẽ khó hơn cũng như mức thuế đang thấp hơn nhiều so với khấu trừ thuế từ tiền lương. Điều này dẫn đến hành vi cơ quan thuế sẽ đẩy mạnh việc thu thuế đối với những cá nhân có mức thu nhập thấp và trung bình thấp do có nguồn thu cố định và dễ thu, dễ quản lý trong khi bỏ qua những cá nhân có mức thu nhập cao khác. Tóm lại, ai đi làm công ăn lương mà ký hợp đồng lao động là đối tượng phải chấp hành nhiều nhất | S25: 3 | T25: Mức đóng thuế hiện này chưa cân nhắc đến 2 yếu tố: (1) lạm phát; (2) điều kiện kinh tế xã hội từng vùng. Mặc dù mức giảm trừ gia cảnh tăng, biểu thuế thay đổi theo hướng giảm gánh nặng, nhưng mức tăng này chưa tương xứng với mức lạm phát hiện nay. Thu nhập bình quân của VN ở mức 8,1 triệu/tháng và hàng năm đều lương cơ bản đều tăng nhưng tăng lương cơ bản để bù đắp với lạm phát. Hay nói cách khác là thu nhập thực, sức mua hàng hóa của người dân là không thay đổi trong khi thu nhập danh nghĩa - mức thu nhập được căn cứ để tính thuế lại tăng. Bên cạnh đó, người ở khu vực thành thị, đặc biệt các thành phố như HN-HCM sẽ phải chịu các chi phí về nhà ở/giá thuê, y tế, giáo dục cao hoen nhiều hơn nhiều so với khu vực nông thôn hoặc các tỉnh thành nhỏ khác. Giá nhà ở HN, HCM so với các tỉnh khác là một ví dụ | U25: 3 | V25: Nhà nước chưa công bố phân bổ đầu tư công cho các lĩnh vực/dịch vụ công mà chủ yếu liệt kê các dự án trọng điểm mà vốn đầu tư công sẽ ưu tiên. Cách truyền thông và minh bạch dữ liệu này không chứng minh được việc nhà nước sẽ sử dụng tiền thuế cho việc cải thiện các dịch vụ công. Trên thực tế, chỉ các bệnh viện tuyến tỉnh hoặc bệnh viện đa khoa ở TP lớn được phân bổ ngân sách để sửa chữa, cải tạo, trong khi các bệnh viện tuyến huyện (trước sát nhập) - nơi gần người dân và người yếu thế hơn thì hầu như không được phân bổ ngân sách để xây mới trong khi nhiều cơ sở đã xuống cấp. | W25: 7 | X25: Nhà nước đã nêu khá rõ mục tiêu của sửa đổi thuế là để giảm gánh nặng thuế, tuy nhiên, việc triển khai sao cho minh bạch thì chưa được đề cập rõ ràng. Hầu hết các bài viết, bài báo liên quan đền chỉ nhấn mạnh việc tăng mức GTGC, hạ biểu thuế mà chưa giải thích rõ ràng cách áp dụng như thế nào. Đơn cử các khoản chi cho y tế, giáo dục - đào tạo của người nộp thuế và người phụ thuộc là một trong các khoản được miễn giảm thuế nhưng chưa được hướng dẫn cụ thể. | Y25: 7 | Z25: Ủng hộ 1 phần vì định hướng của Nhà nước cho thấy có mục tiêu giảm gánh nặng cho người nộp thuế nhưng thực tế, chính sách này chưa thể hiện sự công tâm, bình đẳng như truyền thông nêu ra. Về việc tuân thủ: mặc dù không ủng hộ hoàn toàn nhưng sẽ tuân thủ do tôn trọng pháp luật và cũng không có cách nào khác ngoài việc tuân thủ ^_^ | AA25: 35 | AB25: 25 | AC25: 40 | AE25: =SUM(AA25:AD25) -> 100
A26: 46024.735 | B26: Nữ | C26: 40 - 49 | D26: Thành thị | E26: Đại học | F26: Khu vực chính thức (Có Hợp đồng lao động, đóng BHXH) | G26: Từ 12 - 18 triệu VNĐ | H26: 2 người | I26: 8 | J26: rõ ràng, minh bạch hơn | K26: 8 | L26: quản lý cơ sở dữ liệu khoa học, hiện đại hơn | M26: 8 | N26: đã có thủ tục hành chính rõ ràng cụ thể, dịch vụ hành chính công | O26: 8 | P26: có phương án tính rõ ràng | Q26: 8 | R26: vì chính sách, quy định, thủ tục minh bạch, rõ ràng, công khai | S26: 8 | T26: người thu nhập như tôi đóng mức này là hợp lý | U26: 9 | V26: Nhà nước đang sử dụng rất hiệu quả để cải thiện hàng hoá công và dịch vụ công | W26: 8 | X26: giải thích rõ ràng, công khai trên các phương tiện truyền thông | Y26: 10 | Z26: tôi ủng hộ và tuân thủ chính sách thuế của Nhà nước | AA26: =AVERAGE([1]!Form_Responses[Vui lòng phân bổ tổng cộng 100 điểm vào 3 yếu tố dưới đây (Tổng 3 ô phải bằng đúng 100): Tổng điểm = Thực thi + Thuận tiện + Niềm tin = 100 điểm Tính Thực thi (Enforcement): ............ điểm ]) -> 36.25 | AB26: =AVERAGE([1]!Form_Responses[Vui lòng phân bổ tổng cộng 100 điểm vào 3 yếu tố dưới đây (Tổng 3 ô phải bằng đúng 100): Tổng điểm = Thực thi + Thuận tiện + Niềm tin = 100 điểm Tính Thực thi (Enforcement): ............ điểm ]) -> 36.25 | AC26: =AVERAGE([1]!Form_Responses[Vui lòng phân bổ tổng cộng 100 điểm vào 3 yếu tố dưới đây (Tổng 3 ô phải bằng đúng 100): Tổng điểm = Thực thi + Thuận tiện + Niềm tin = 100 điểm Tính Thực thi (Enforcement): ............ điểm ]) -> 36.25 | AE26: =SUM(AA26:AD26) -> 108.75
AA27: =100/3 -> 33.333333 | AB27: =100/3 -> 33.333333 | AC27: =100/3 -> 33.333333 | AE27: =SUM(AA27:AD27) -> 100

Sheet step2_combined_data
A1: Persona_ID | B1: Run_ID | C1: Used_Seed | D1: AI_Gender | E1: Human_Gender | F1: AI_Age | G1: Human_Age | H1: AI_Region | I1: Human_Region | J1: AI_Education | K1: Human_Education | L1: AI_Employment | M1: Human_Employment | N1: AI_Income_Mil | O1: Human_Income_Mil | P1: AI_Dependents | Q1: Human_Dependents | R1: AI_ENF1_Score | S1: AI_ENF1_Category | T1: Human_ENF1_Score | U1: Human_ENF1_Category | V1: MAE_ENF1 | W1: AI_ENF1_Reason | X1: Human_ENF1_Reason | Y1: AI_ENF2_Score | Z1: AI_ENF2_Category | AA1: Human_ENF2_Score | AB1: Human_ENF2_Category | AC1: MAE_ENF2 | AD1: AI_ENF2_Reason | AE1: Human_ENF2_Reason | AF1: AI_FAC1_Score | AG1: AI_FAC1_Category | AH1: Human_FAC1_Score | AI1: Human_FAC1_Category | AJ1: MAE_FAC1 | AK1: AI_FAC1_Reason | AL1: Human_FAC1_Reason | AM1: AI_FAC2_Score | AN1: AI_FAC2_Category | AO1: Human_FAC2_Score | AP1: Human_FAC2_Category | AQ1: MAE_FAC2 | AR1: AI_FAC2_Reason | AS1: Human_FAC2_Reason | AT1: AI_TRU1_Score | AU1: AI_TRU1_Category | AV1: Human_TRU1_Score | AW1: Human_TRU1_Category | AX1: MAE_TRU1 | AY1: AI_TRU1_Reason | AZ1: Human_TRU1_Reason | BA1: AI_TRU2_Score | BB1: AI_TRU2_Category | BC1: Human_TRU2_Score | BD1: Human_TRU2_Category | BE1: MAE_TRU2 | BF1: AI_TRU2_Reason | BG1: Human_TRU2_Reason | BH1: AI_TRU3_Score | BI1: AI_TRU3_Category | BJ1: Human_TRU3_Score | BK1: Human_TRU3_Category | BL1: MAE_TRU3 | BM1: AI_TRU3_Reason | BN1: Human_TRU3_Reason | BO1: AI_TRU4_Score | BP1: AI_TRU4_Category | BQ1: Human_TRU4_Score | BR1: Human_TRU4_Category | BS1: MAE_TRU4 | BT1: AI_TRU4_Reason | BU1: Human_TRU4_Reason | BV1: AI_OUT1_Score | BW1: AI_OUT1_Category | BX1: Human_OUT1_Score | BY1: Human_OUT1_Category | BZ1: MAE_OUT1 | CA1: AI_OUT1_Reason | CB1: Human_OUT1_Reason
A2: {=INDEX(step2_raw_simulation[Persona_ID], (ROW(A1)-1)*5 + 1)} -> 1 | B2: {=INDEX(step2_raw_simulation[Run_ID], (ROW(B1)-1)*5 + 1)} -> 1 | C2: {=INDEX(step2_raw_simulation[Used_Seed], (ROW(C1)-1)*5 + 1)} -> 43 | D2: {=INDEX(step2_raw_simulation[Gender], (ROW(D1)-1)*5 + 1)} -> Nữ | E2: =interview_responses[[#This Row],[Giới tính của bạn:]] -> Nữ | F2: {=INDEX(step2_raw_simulation[Age], (ROW(F1)-1)*5 + 1)} -> 30 - 39 | G2: =interview_responses[[#This Row],[Độ tuổi của bạn:]] -> 30 - 39 | H2: {=INDEX(step2_raw_simulation[Region], (ROW(H1)-1)*5 + 1)} -> Thành thị | I2: =interview_responses[[#This Row],[Khu vực bạn đang sinh sống:]] -> Thành thị | J2: {=INDEX(step2_raw_simulation[Education], (ROW(J1)-1)*5 + 1)} -> Sau Đại học | K2: =interview_responses[[#This Row],[Trình độ học vấn cao nhất:]] -> Sau Đại học | L2: {=INDEX(step2_raw_simulation[Employment], (ROW(L1)-1)*5 + 1)} -> Chính thức | M2: =interview_responses[[#This Row],[Tình trạng việc làm chính:]] -> Khu vực chính thức (Có Hợp đồng lao động, đóng BHXH) | N2: {=INDEX(step2_raw_simulation[Income_Mil], (ROW(N1)-1)*5 + 1)} -> 27.5 | O2: =interview_responses[[#This Row],[Thu nhập bình quân tháng theo Hợp đồng lao động của bạn là bao nhiêu? (Vui lòng điền tổng thu nhập trước khi khấu trừ các loại Bảo hiểm (BHXH, BHYT, BHTN) và Thuế TNCN)]] -> Từ 23 - 32 triệu VNĐ | P2: {=INDEX(step2_raw_simulation[Dependents], (ROW(P1)-1)*5 + 1)} -> 1 | Q2: =interview_responses[[#This Row],[Số người phụ thuộc (con nhỏ, cha mẹ già...) đủ điều kiện giảm trừ gia cảnh:]] -> 1 người | R2: =AVERAGE( INDEX(step2_raw_simulation!K:K, (ROW(A1)-1)*5 + 2) : INDEX(step2_raw_simulation!K:K, (ROW(A1)-1)*5 + 6) ) -> 4.8 | S2: =IF(AND(R2>=1,R2<5),"Oppose",IF(AND(R2>=5,R2<8),"Neutral",IF(AND(R2>=8,R2<=10),"Support",""))) -> Oppose | T2: =interview_responses[[#This Row],[Tôi tin rằng với các quy định quản lý thuế hiện nay, hành vi gian lận hoặc trốn thuế sẽ dễ dàng bị phát hiện và xử lý nghiêm. - HUMAN-ENF1]] -> 5 | U2: =IF(AND(T2>=1,T2<5),"Oppose",IF(AND(T2>=5,T2<8),"Neutral",IF(AND(T2>=8,T2<=10),"Support",""))) -> Neutral | V2: =ABS(T2-R2) -> 0.2 | W2: {=INDEX(step2_raw_simulation[AI_ENF1_Reason], (ROW(W1)-1)*5 + 1)} -> Chưa thấy nhiều thay đổi về các chế tài pháp lý hay xử phạt, chỉ dừng lại ở việc giảm bậc thuế. | X2: =interview_responses[[#This Row],[Lý do - HUMAN-ENF1]] -> Các thay đổi hiện tại chỉ mới dừng lại ở việc giảm bậc thuế, giúp người đóng thuế cảm thấy đơn giản và nhẹ gánh trong việc đóng thuế TNCN. Chưa thấy nhiều thay đổi về các chế tài pháp lý hay xử phạt. | Y2: =AVERAGE( INDEX(step2_raw_simulation!P:P, (ROW(H1)-1)*5 + 2) : INDEX(step2_raw_simulation!P:P, (ROW(H1)-1)*5 + 6) ) -> 5.2 | Z2: =IF(AND(Y2>=1,Y2<5),"Oppose",IF(AND(Y2>=5,Y2<8),"Neutral",IF(AND(Y2>=8,Y2<=10),"Support",""))) -> Neutral | AA2: =interview_responses[[#This Row],[Tôi tin rằng Nhà nước, cơ quan thuế có đủ khả năng và công nghệ để phát hiện, xử lý nghiêm các hành vi trốn thuế. - HUMAN-ENF2]] -> 5 | AB2: =IF(AND(AA2>=1,AA2<5),"Oppose",IF(AND(AA2>=5,AA2<8),"Neutral",IF(AND(AA2>=8,AA2<=10),"Support",""))) -> Neutral | AC2: =ABS(AA2-Y2) -> 0.2 | AD2: {=INDEX(step2_raw_simulation[AI_ENF2_Reason], (ROW(AD1)-1)*5 + 1)} -> Cơ quan thuế chưa thực sự có khả năng và công nghệ để phát hiện trốn thuế hiệu quả. | AE2: =interview_responses[[#This Row],[Lý do - HUMAN-ENF2]] -> Đồng ý. Quan trọng là cơ quan thuế có muốn thực thi hay không. | AF2: =AVERAGE( INDEX(step2_raw_simulation!U:U, (ROW(O1)-1)*5 + 2) : INDEX(step2_raw_simulation!U:U, (ROW(O1)-1)*5 + 6) ) -> 4 | AG2: =IF(AND(AF2>=1,AF2<5),"Oppose",IF(AND(AF2>=5,AF2<8),"Neutral",IF(AND(AF2>=8,AF2<=10),"Support",""))) -> Oppose | AH2: =interview_responses[[#This Row],[Các thủ tục khai báo thuế VÀ/HOẶC quy trình làm việc với cơ quan thuế đơn giản, tiện lợi, nhanh chóng hơn so với trước đây. - HUMAN-FAC1]] -> 1 | AI2: =IF(AND(AH2>=1,AH2<5),"Oppose",IF(AND(AH2>=5,AH2<8),"Neutral",IF(AND(AH2>=8,AH2<=10),"Support",""))) -> Oppose | AJ2: =ABS(AH2-AF2) -> 3 | AK2: {=INDEX(step2_raw_simulation[AI_FAC1_Reason], (ROW(AK1)-1)*5 + 1)} -> Form khai báo/phản ánh không đồng bộ, thông tin liên hệ không đầy đủ, hỗ trợ hạn chế. | AL2: =interview_responses[[#This Row],[Lý do - HUMAN-FAC1]] -> Form khai báo/phản ánh không đồng bộ, thông tin liên hệ không có, không có người tiếp nhận, hỗ trợ. Phần mềm eTax cũng không có phản hồi người nộp thuế. Người khai báo thuế gặp vấn đề bị người khác sử dụng CCCD để đăng ký mã số thuế tại 1 DN không làm việc mà cơ quan thuế không biết/không xử lý dù đã phản ánh nhiều lần. | AM2: =AVERAGE( INDEX(step2_raw_simulation!Z:Z, (ROW(V1)-1)*5 + 2) : INDEX(step2_raw_simulation!Z:Z, (ROW(V1)-1)*5 + 6) ) -> 7.4 | AN2: =IF(AND(AM2>=1,AM2<5),"Oppose",IF(AND(AM2>=5,AM2<8),"Neutral",IF(AND(AM2>=8,AM2<=10),"Support",""))) -> Neutral | AO2: =interview_responses[[#This Row],[So với trước đây, tôi thấy cách tính thuế và các bậc thuế trong phương án mới đơn giản, dễ hiểu và dễ thực hiện hơn. - HUMAN-FAC2]] -> 10 | AP2: =IF(AND(AO2>=1,AO2<5),"Oppose",IF(AND(AO2>=5,AO2<8),"Neutral",IF(AND(AO2>=8,AO2<=10),"Support",""))) -> Support | AQ2: =ABS(AO2-AM2) -> 2.6 | AR2: {=INDEX(step2_raw_simulation[AI_FAC2_Reason], (ROW(AR1)-1)*5 + 1)} -> Phương án mới đơn giản hơn so với trước đây nhưng vẫn còn phức tạp về mặt thủ tục và tính toán. | AS2: =interview_responses[[#This Row],[Lý do - HUMAN-FAC2]] -> Hoàn toàn đồng ý vì trước đây 7 bậc là quá nhiều, khó để tính toán. | AT2: =AVERAGE( INDEX(step2_raw_simulation!AE:AE, (ROW(AC1)-1)*5 + 2) : INDEX(step2_raw_simulation!AE:AE, (ROW(AC1)-1)*5 + 6) ) -> 4.8 | AU2: =IF(AND(AT2>=1,AT2<5),"Oppose",IF(AND(AT2>=5,AT2<8),"Neutral",IF(AND(AT2>=8,AT2<=10),"Support",""))) -> Oppose | AV2: =interview_responses[[#This Row],[Tôi tin rằng Nhà nước, cơ quan thuế sẽ thực thi chính sách mới một cách khách quan, công tâm và đối xử bình đẳng với mọi người nộp thuế. - HUMAN-TRU1]] -> 5 | AW2: =IF(AND(AV2>=1,AV2<5),"Oppose",IF(AND(AV2>=5,AV2<8),"Neutral",IF(AND(AV2>=8,AV2<=10),"Support",""))) -> Neutral | AX2: =ABS(AV2-AT2) -> 0.2 | AY2: {=INDEX(step2_raw_simulation[AI_TRU1_Reason], (ROW(AY1)-1)*5 + 1)} -> Chưa có chế tài pháp lý mạnh mẽ nên lòng tin vào việc thực thi chính sách chưa cao. | AZ2: =interview_responses[[#This Row],[Lý do - HUMAN-TRU1]] -> Các thay đổi hiện tại chỉ mới dừng lại ở việc giảm bậc thuế, giúp người đóng thuế cảm thấy đơn giản và nhẹ gánh trong việc đóng thuế TNCN. Chưa thấy nhiều thay đổi về các chế tài pháp lý hay xử phạt. | BA2: =AVERAGE( INDEX(step2_raw_simulation!AJ:AJ, (ROW(AJ1)-1)*5 + 2) : INDEX(step2_raw_simulation!AJ:AJ, (ROW(AJ1)-1)*5 + 6) ) -> 8.4 | BB2: =IF(AND(BA2>=1,BA2<5),"Oppose",IF(AND(BA2>=5,BA2<8),"Neutral",IF(AND(BA2>=8,BA2<=10),"Support",""))) -> Support | BC2: =interview_responses[[#This Row],[Tôi thấy mức thuế tôi phải đóng theo phương án mới là công bằng (người thu nhập như tôi đóng mức này là hợp lý). - HUMAN-TRU2]] -> 10 | BD2: =IF(AND(BC2>=1,BC2<5),"Oppose",IF(AND(BC2>=5,BC2<8),"Neutral",IF(AND(BC2>=8,BC2<=10),"Support",""))) -> Support | BE2: =ABS(BC2-BA2) -> 1.6 | BF2: {=INDEX(step2_raw_simulation[AI_TRU2_Reason], (ROW(BF1)-1)*5 + 1)} -> Mức thuế mới công bằng, phù hợp với thu nhập hiện tại của tôi. | BG2: =interview_responses[[#This Row],[Lý do - HUMAN-TRU2]] -> Vì theo chính sách mới, tôi không phải đóng thuế nữa. Hoàn toàn đồng ý. | BH2: =AVERAGE( INDEX(step2_raw_simulation!AO:AO, (ROW(AQ1)-1)*5 + 2) : INDEX(step2_raw_simulation!AO:AO, (ROW(AQ1)-1)*5 + 6) ) -> 6.4 | BI2: =IF(AND(BH2>=1,BH2<5),"Oppose",IF(AND(BH2>=5,BH2<8),"Neutral",IF(AND(BH2>=8,BH2<=10),"Support",""))) -> Neutral | BJ2: =interview_responses[[#This Row],[Tôi tin tưởng số tiền thuế tôi đóng sẽ được Nhà nước sử dụng hiệu quả để cải thiện dịch vụ công (y tế, đường xá...). - HUMAN-TRU3]] -> 5 | BK2: =IF(AND(BJ2>=1,BJ2<5),"Oppose",IF(AND(BJ2>=5,BJ2<8),"Neutral",IF(AND(BJ2>=8,BJ2<=10),"Support",""))) -> Neutral | BL2: =ABS(BJ2-BH2) -> 1.4 | BM2: {=INDEX(step2_raw_simulation[AI_TRU3_Reason], (ROW(BM1)-1)*5 + 1)} -> Thuê đóng góp cho sự phát triển quốc gia và dịch vụ công như y tế, đường xá... | BN2: =interview_responses[[#This Row],[Lý do - HUMAN-TRU3]] -> Khi nào các chính sách chế tài được xử lý nghiêm, giải quyết vấn đề tham nhũng thì lòng tin của tôi sẽ cao hơn. | BO2: =AVERAGE( INDEX(step2_raw_simulation!AT:AT, (ROW(AX1)-1)*5 + 2) : INDEX(step2_raw_simulation!AT:AT, (ROW(AX1)-1)*5 + 6) ) -> 8 | BP2: =IF(AND(BO2>=1,BO2<5),"Oppose",IF(AND(BO2>=5,BO2<8),"Neutral",IF(AND(BO2>=8,BO2<=10),"Support",""))) -> Support | BQ2: =interview_responses[[#This Row],[Tôi thấy Nhà nước đã giải thích rõ ràng, minh bạch về lý do và mục tiêu của việc sửa đổi thuế lần này. - HUMAN-TRU4]] -> 10 | BR2: =IF(AND(BQ2>=1,BQ2<5),"Oppose",IF(AND(BQ2>=5,BQ2<8),"Neutral",IF(AND(BQ2>=8,BQ2<=10),"Support",""))) -> Support | BS2: =ABS(BQ2-BO2) -> 2 | BT2: {=INDEX(step2_raw_simulation[AI_TRU4_Reason], (ROW(BT1)-1)*5 + 1)} -> Đã giải thích rõ ràng về mục tiêu cải cách thuế nhưng còn nhiều câu hỏi chưa được trả lời. | BU2: =interview_responses[[#This Row],[Lý do - HUMAN-TRU4]] -> Hoàn toàn đồng ý về việc truyền thông và giải thích của Chính phủ. | BV2: =AVERAGE( INDEX(step2_raw_simulation!AY:AY, (ROW(BE1)-1)*5 + 2) : INDEX(step2_raw_simulation!AY:AY, (ROW(BE1)-1)*5 + 6) ) -> 8 | BW2: =IF(AND(BV2>=1,BV2<5),"Oppose",IF(AND(BV2>=5,BV2<8),"Neutral",IF(AND(BV2>=8,BV2<=10),"Support",""))) -> Support | BX2: =interview_responses[[#This Row],[Sau khi xem xét các quyền lợi và nghĩa vụ, bạn có ủng hộ và tuân thủ chính sách mới hiện nay? - HUMAN-OUT1]] -> 9 | BY2: =IF(AND(BX2>=1,BX2<5),"Oppose",IF(AND(BX2>=5,BX2<8),"Neutral",IF(AND(BX2>=8,BX2<=10),"Support",""))) -> Support | BZ2: =ABS(BX2-BV2) -> 1 | CA2: {=INDEX(step2_raw_simulation[AI_OUT1_Reason], (ROW(CA1)-1)*5 + 1)} -> Nhìn chung, vì chính sách mới giúp tôi không phải đóng thuế nữa nên mức độ ủng hộ cao. Tuy nhiên, lòng tin vào thực thi chế tài pháp lý vẫn còn thấp. | CB2: =interview_responses[[#This Row],[Lý do - HUMAN-OUT1]] -> Ủng hộ việc giảm bậc, tăng mức giảm trừ gia cảnh nhưng niềm tin về việc thực thi chính sách thì không cao cho đến khi việc thực thi các chế tài là rõ ràng, minh bạch, nghiêm khắc. Nhìn chung, vì chính sách mới giúp tôi không phải đóng thuế nữa nên mức độ ủng hộ cao.
A3: {=INDEX(step2_raw_simulation[Persona_ID], (ROW(A2)-1)*5 + 1)} -> 2 | B3: {=INDEX(step2_raw_simulation[Run_ID], (ROW(B2)-1)*5 + 1)} -> 1 | C3: {=INDEX(step2_raw_simulation[Used_Seed], (ROW(C2)-1)*5 + 1)} -> 2143 | D3: {=INDEX(step2_raw_simulation[Gender], (ROW(D2)-1)*5 + 1)} -> Nữ | E3: =interview_responses[[#This Row],[Giới tính của bạn:]] -> Nữ | F3: {=INDEX(step2_raw_simulation[Age], (ROW(F2)-1)*5 + 1)} -> 30 - 39 | G3: =interview_responses[[#This Row],[Độ tuổi của bạn:]] -> 30 - 39 | H3: {=INDEX(step2_raw_simulation[Region], (ROW(H2)-1)*5 + 1)} -> Thành thị | I3: =interview_responses[[#This Row],[Khu vực bạn đang sinh sống:]] -> Thành thị | J3: {=INDEX(step2_raw_simulation[Education], (ROW(J2)-1)*5 + 1)} -> Đại học | K3: =interview_responses[[#This Row],[Trình độ học vấn cao nhất:]] -> Đại học | L3: {=INDEX(step2_raw_simulation[Employment], (ROW(L2)-1)*5 + 1)} -> Phi chính thức | M3: =interview_responses[[#This Row],[Tình trạng việc làm chính:]] -> Khu vực phi chính thức (Lao động tự do, không có HĐLĐ) | N3: {=INDEX(step2_raw_simulation[Income_Mil], (ROW(N2)-1)*5 + 1)} -> 15 | O3: =interview_responses[[#This Row],[Thu nhập bình quân tháng theo Hợp đồng lao động của bạn là bao nhiêu? (Vui lòng điền tổng thu nhập trước khi khấu trừ các loại Bảo hiểm (BHXH, BHYT, BHTN) và Thuế TNCN)]] -> Từ 12 - 18 triệu VNĐ | P3: {=INDEX(step2_raw_simulation[Dependents], (ROW(P2)-1)*5 + 1)} -> 2 | Q3: =interview_responses[[#This Row],[Số người phụ thuộc (con nhỏ, cha mẹ già...) đủ điều kiện giảm trừ gia cảnh:]] -> 2 người | R3: =AVERAGE( INDEX(step2_raw_simulation!K:K, (ROW(A2)-1)*5 + 2) : INDEX(step2_raw_simulation!K:K, (ROW(A2)-1)*5 + 6) ) -> 6 | S3: =IF(AND(R3>=1,R3<5),"Oppose",IF(AND(R3>=5,R3<8),"Neutral",IF(AND(R3>=8,R3<=10),"Support",""))) -> Neutral | T3: =interview_responses[[#This Row],[Tôi tin rằng với các quy định quản lý thuế hiện nay, hành vi gian lận hoặc trốn thuế sẽ dễ dàng bị phát hiện và xử lý nghiêm. - HUMAN-ENF1]] -> 5 | U3: =IF(AND(T3>=1,T3<5),"Oppose",IF(AND(T3>=5,T3<8),"Neutral",IF(AND(T3>=8,T3<=10),"Support",""))) -> Neutral | V3: =ABS(T3-R3) -> 1 | W3: {=INDEX(step2_raw_simulation[AI_ENF1_Reason], (ROW(W2)-1)*5 + 1)} -> Dù khâu thực thi được chú trọng và nhiều cải thiện, nhưng thay đổi chỉ mới gần đây nên chưa chắc hiệu quả trong tương lai. | X3: =interview_responses[[#This Row],[Lý do - HUMAN-ENF1]] -> Dù khâu thực thi được chú trọng và nhiều cải thiện. Người dân hiểu và tuân thủ hơn. Nhưng thay đổi chỉ mới gần đây, chưa chắc được hiệu quả trong tương lai. | Y3: =AVERAGE( INDEX(step2_raw_simulation!P:P, (ROW(H2)-1)*5 + 2) : INDEX(step2_raw_simulation!P:P, (ROW(H2)-1)*5 + 6) ) -> 6 | Z3: =IF(AND(Y3>=1,Y3<5),"Oppose",IF(AND(Y3>=5,Y3<8),"Neutral",IF(AND(Y3>=8,Y3<=10),"Support",""))) -> Neutral | AA3: =interview_responses[[#This Row],[Tôi tin rằng Nhà nước, cơ quan thuế có đủ khả năng và công nghệ để phát hiện, xử lý nghiêm các hành vi trốn thuế. - HUMAN-ENF2]] -> 5 | AB3: =IF(AND(AA3>=1,AA3<5),"Oppose",IF(AND(AA3>=5,AA3<8),"Neutral",IF(AND(AA3>=8,AA3<=10),"Support",""))) -> Neutral | AC3: =ABS(AA3-Y3) -> 1 | AD3: {=INDEX(step2_raw_simulation[AI_ENF2_Reason], (ROW(AD2)-1)*5 + 1)} -> Dù khâu thực thi được chú trọng và nhiều cải thiện, nhưng thay đổi chỉ mới gần đây nên chưa chắc hiệu quả trong tương lai. | AE3: =interview_responses[[#This Row],[Lý do - HUMAN-ENF2]] -> Dù khâu thực thi được chú trọng và nhiều cải thiện. Người dân hiểu và tuân thủ hơn. Nhưng thay đổi chỉ mới gần đây, chưa chắc được hiệu quả trong tương lai. | AF3: =AVERAGE( INDEX(step2_raw_simulation!U:U, (ROW(O2)-1)*5 + 2) : INDEX(step2_raw_simulation!U:U, (ROW(O2)-1)*5 + 6) ) -> 5.6 | AG3: =IF(AND(AF3>=1,AF3<5),"Oppose",IF(AND(AF3>=5,AF3<8),"Neutral",IF(AND(AF3>=8,AF3<=10),"Support",""))) -> Neutral | AH3: =interview_responses[[#This Row],[Các thủ tục khai báo thuế VÀ/HOẶC quy trình làm việc với cơ quan thuế đơn giản, tiện lợi, nhanh chóng hơn so với trước đây. - HUMAN-FAC1]] -> 4 | AI3: =IF(AND(AH3>=1,AH3<5),"Oppose",IF(AND(AH3>=5,AH3<8),"Neutral",IF(AND(AH3>=8,AH3<=10),"Support",""))) -> Oppose | AJ3: =ABS(AH3-AF3) -> 1.6 | AK3: {=INDEX(step2_raw_simulation[AI_FAC1_Reason], (ROW(AK2)-1)*5 + 1)} -> Sau khi giảm bớt mức độ phức tạp, quy trình làm việc với cơ quan thuế đã đơn giản hơn và tiện lợi hơn so với trước đây. | AL3: =interview_responses[[#This Row],[Lý do - HUMAN-FAC1]] -> Có cải thiện nhưng đang trong quá trình chuyển giao, thay đổi từ offline sang online nên mọi thứ vẫn còn ngổn ngang, không biết liên hệ ai. | AM3: =AVERAGE( INDEX(step2_raw_simulation!Z:Z, (ROW(V2)-1)*5 + 2) : INDEX(step2_raw_simulation!Z:Z, (ROW(V2)-1)*5 + 6) ) -> 7.4 | AN3: =IF(AND(AM3>=1,AM3<5),"Oppose",IF(AND(AM3>=5,AM3<8),"Neutral",IF(AND(AM3>=8,AM3<=10),"Support",""))) -> Neutral | AO3: =interview_responses[[#This Row],[So với trước đây, tôi thấy cách tính thuế và các bậc thuế trong phương án mới đơn giản, dễ hiểu và dễ thực hiện hơn. - HUMAN-FAC2]] -> 5 | AP3: =IF(AND(AO3>=1,AO3<5),"Oppose",IF(AND(AO3>=5,AO3<8),"Neutral",IF(AND(AO3>=8,AO3<=10),"Support",""))) -> Neutral | AQ3: =ABS(AO3-AM3) -> 2.4 | AR3: {=INDEX(step2_raw_simulation[AI_FAC2_Reason], (ROW(AR2)-1)*5 + 1)} -> Biểu thuế mới có ít bậc hơn nên dễ hiểu và thực hiện hơn. Tuy nhiên, vẫn còn ngổn ngang khi chuyển giao từ offline sang online. | AS3: =interview_responses[[#This Row],[Lý do - HUMAN-FAC2]] -> Không thay đổi về mức độ đóng thuế dù thay đổi bậc thuế, ngưỡng thuế. | AT3: =AVERAGE( INDEX(step2_raw_simulation!AE:AE, (ROW(AC2)-1)*5 + 2) : INDEX(step2_raw_simulation!AE:AE, (ROW(AC2)-1)*5 + 6) ) -> 6.8 | AU3: =IF(AND(AT3>=1,AT3<5),"Oppose",IF(AND(AT3>=5,AT3<8),"Neutral",IF(AND(AT3>=8,AT3<=10),"Support",""))) -> Neutral | AV3: =interview_responses[[#This Row],[Tôi tin rằng Nhà nước, cơ quan thuế sẽ thực thi chính sách mới một cách khách quan, công tâm và đối xử bình đẳng với mọi người nộp thuế. - HUMAN-TRU1]] -> 5 | AW3: =IF(AND(AV3>=1,AV3<5),"Oppose",IF(AND(AV3>=5,AV3<8),"Neutral",IF(AND(AV3>=8,AV3<=10),"Support",""))) -> Neutral | AX3: =ABS(AV3-AT3) -> 1.8 | AY3: {=INDEX(step2_raw_simulation[AI_TRU1_Reason], (ROW(AY2)-1)*5 + 1)} -> Tôi tin rằng Nhà nước sẽ thực thi chính sách một cách khách quan, công tâm và đối xử bình đẳng với mọi người nộp thuế, mặc dù thay đổi mới chỉ vừa được áp dụng. | AZ3: =interview_responses[[#This Row],[Lý do - HUMAN-TRU1]] -> Dù khâu thực thi được chú trọng và nhiều cải thiện. Người dân hiểu và tuân thủ hơn. Nhưng thay đổi chỉ mới gần đây, chưa chắc được hiệu quả trong tương lai. | BA3: =AVERAGE( INDEX(step2_raw_simulation!AJ:AJ, (ROW(AJ2)-1)*5 + 2) : INDEX(step2_raw_simulation!AJ:AJ, (ROW(AJ2)-1)*5 + 6) ) -> 8.2 | BB3: =IF(AND(BA3>=1,BA3<5),"Oppose",IF(AND(BA3>=5,BA3<8),"Neutral",IF(AND(BA3>=8,BA3<=10),"Support",""))) -> Support | BC3: =interview_responses[[#This Row],[Tôi thấy mức thuế tôi phải đóng theo phương án mới là công bằng (người thu nhập như tôi đóng mức này là hợp lý). - HUMAN-TRU2]] -> 5 | BD3: =IF(AND(BC3>=1,BC3<5),"Oppose",IF(AND(BC3>=5,BC3<8),"Neutral",IF(AND(BC3>=8,BC3<=10),"Support",""))) -> Neutral | BE3: =ABS(BC3-BA3) -> 3.2 | BF3: {=INDEX(step2_raw_simulation[AI_TRU2_Reason], (ROW(BF2)-1)*5 + 1)} -> Nhìn chung mức thuế tôi phải đóng theo phương án mới là hợp lý. Mức giảm trừ gia cảnh cao hơn giúp giảm gánh nặng tài chính cho người dân. | BG3: =interview_responses[[#This Row],[Lý do - HUMAN-TRU2]] -> Không thay đổi về mức độ đóng thuế dù thay đổi bậc thuế, ngưỡng thuế. | BH3: =AVERAGE( INDEX(step2_raw_simulation!AO:AO, (ROW(AQ2)-1)*5 + 2) : INDEX(step2_raw_simulation!AO:AO, (ROW(AQ2)-1)*5 + 6) ) -> 6.8 | BI3: =IF(AND(BH3>=1,BH3<5),"Oppose",IF(AND(BH3>=5,BH3<8),"Neutral",IF(AND(BH3>=8,BH3<=10),"Support",""))) -> Neutral | BJ3: =interview_responses[[#This Row],[Tôi tin tưởng số tiền thuế tôi đóng sẽ được Nhà nước sử dụng hiệu quả để cải thiện dịch vụ công (y tế, đường xá...). - HUMAN-TRU3]] -> 5 | BK3: =IF(AND(BJ3>=1,BJ3<5),"Oppose",IF(AND(BJ3>=5,BJ3<8),"Neutral",IF(AND(BJ3>=8,BJ3<=10),"Support",""))) -> Neutral | BL3: =ABS(BJ3-BH3) -> 1.8 | BM3: {=INDEX(step2_raw_simulation[AI_TRU3_Reason], (ROW(BM2)-1)*5 + 1)} -> Tôi tin tưởng số tiền thuế tôi đóng sẽ được Nhà nước sử dụng hiệu quả để cải thiện dịch vụ công, mặc dù chưa rõ ràng về chi tiết cụ thể. | BN3: =interview_responses[[#This Row],[Lý do - HUMAN-TRU3]] -> Giống với quan điểm trước đó vì mọi thứ vẫn chưa rõ ràng. | BO3: =AVERAGE( INDEX(step2_raw_simulation!AT:AT, (ROW(AX2)-1)*5 + 2) : INDEX(step2_raw_simulation!AT:AT, (ROW(AX2)-1)*5 + 6) ) -> 7.6 | BP3: =IF(AND(BO3>=1,BO3<5),"Oppose",IF(AND(BO3>=5,BO3<8),"Neutral",IF(AND(BO3>=8,BO3<=10),"Support",""))) -> Neutral | BQ3: =interview_responses[[#This Row],[Tôi thấy Nhà nước đã giải thích rõ ràng, minh bạch về lý do và mục tiêu của việc sửa đổi thuế lần này. - HUMAN-TRU4]] -> 5 | BR3: =IF(AND(BQ3>=1,BQ3<5),"Oppose",IF(AND(BQ3>=5,BQ3<8),"Neutral",IF(AND(BQ3>=8,BQ3<=10),"Support",""))) -> Neutral | BS3: =ABS(BQ3-BO3) -> 2.6 | BT3: {=INDEX(step2_raw_simulation[AI_TRU4_Reason], (ROW(BT2)-1)*5 + 1)} -> Nhà nước đã giải thích rõ ràng về mục tiêu của việc sửa đổi thuế lần này. Mặc dù thay đổi mới chỉ vừa được áp dụng, nhưng tôi thấy có sự minh bạch hơn. | BU3: =interview_responses[[#This Row],[Lý do - HUMAN-TRU4]] -> Giống với quan điểm trước đó vì mọi thứ vẫn chưa rõ ràng. | BV3: =AVERAGE( INDEX(step2_raw_simulation!AY:AY, (ROW(BE2)-1)*5 + 2) : INDEX(step2_raw_simulation!AY:AY, (ROW(BE2)-1)*5 + 6) ) -> 7.4 | BW3: =IF(AND(BV3>=1,BV3<5),"Oppose",IF(AND(BV3>=5,BV3<8),"Neutral",IF(AND(BV3>=8,BV3<=10),"Support",""))) -> Neutral | BX3: =interview_responses[[#This Row],[Sau khi xem xét các quyền lợi và nghĩa vụ, bạn có ủng hộ và tuân thủ chính sách mới hiện nay? - HUMAN-OUT1]] -> 5 | BY3: =IF(AND(BX3>=1,BX3<5),"Oppose",IF(AND(BX3>=5,BX3<8),"Neutral",IF(AND(BX3>=8,BX3<=10),"Support",""))) -> Neutral | BZ3: =ABS(BX3-BV3) -> 2.4 | CA3: {=INDEX(step2_raw_simulation[AI_OUT1_Reason], (ROW(CA2)-1)*5 + 1)} -> Dù vẫn còn nhiều vấn đề cần cải thiện, nhưng chính sách mới đã giúp giảm gánh nặng thuế cho người dân và làm đơn giản hóa quy trình khai báo thuế. Tôi ủng hộ và tuân thủ chính sách này. | CB3: =interview_responses[[#This Row],[Lý do - HUMAN-OUT1]] -> Giống với quan điểm trước đó vì mọi thứ vẫn chưa rõ ràng.
A4: {=INDEX(step2_raw_simulation[Persona_ID], (ROW(A3)-1)*5 + 1)} -> 3 | B4: {=INDEX(step2_raw_simulation[Run_ID], (ROW(B3)-1)*5 + 1)} -> 1 | C4: {=INDEX(step2_raw_simulation[Used_Seed], (ROW(C3)-1)*5 + 1)} -> 243 | D4: {=INDEX(step2_raw_simulation[Gender], (ROW(D3)-1)*5 + 1)} -> Nam | E4: =interview_responses[[#This Row],[Giới tính của bạn:]] -> Nam | F4: {=INDEX(step2_raw_simulation[Age], (ROW(F3)-1)*5 + 1)} -> 40 - 49 | G4: =interview_responses[[#This Row],[Độ tuổi của bạn:]] -> 40 - 49 | H4: {=INDEX(step2_raw_simulation[Region], (ROW(H3)-1)*5 + 1)} -> Thành thị | I4: =interview_responses[[#This Row],[Khu vực bạn đang sinh sống:]] -> Thành thị | J4: {=INDEX(step2_raw_simulation[Education], (ROW(J3)-1)*5 + 1)} -> Đại học | K4: =interview_responses[[#This Row],[Trình độ học vấn cao nhất:]] -> Đại học | L4: {=INDEX(step2_raw_simulation[Employment], (ROW(L3)-1)*5 + 1)} -> Phi chính thức | M4: =interview_responses[[#This Row],[Tình trạng việc làm chính:]] -> Khu vực phi chính thức (Lao động tự do, không có HĐLĐ) | N4: {=INDEX(step2_raw_simulation[Income_Mil], (ROW(N3)-1)*5 + 1)} -> 27.5 | O4: =interview_responses[[#This Row],[Thu nhập bình quân tháng theo Hợp đồng lao động của bạn là bao nhiêu? (Vui lòng điền tổng thu nhập trước khi khấu trừ các loại Bảo hiểm (BHXH, BHYT, BHTN) và Thuế TNCN)]] -> Từ 23 - 32 triệu VNĐ | P4: {=INDEX(step2_raw_simulation[Dependents], (ROW(P3)-1)*5 + 1)} -> 3 | Q4: =interview_responses[[#This Row],[Số người phụ thuộc (con nhỏ, cha mẹ già...) đủ điều kiện giảm trừ gia cảnh:]] -> 3 người | R4: =AVERAGE( INDEX(step2_raw_simulation!K:K, (ROW(A3)-1)*5 + 2) : INDEX(step2_raw_simulation!K:K, (ROW(A3)-1)*5 + 6) ) -> 6.8 | S4: =IF(AND(R4>=1,R4<5),"Oppose",IF(AND(R4>=5,R4<8),"Neutral",IF(AND(R4>=8,R4<=10),"Support",""))) -> Neutral | T4: =interview_responses[[#This Row],[Tôi tin rằng với các quy định quản lý thuế hiện nay, hành vi gian lận hoặc trốn thuế sẽ dễ dàng bị phát hiện và xử lý nghiêm. - HUMAN-ENF1]] -> 10 | U4: =IF(AND(T4>=1,T4<5),"Oppose",IF(AND(T4>=5,T4<8),"Neutral",IF(AND(T4>=8,T4<=10),"Support",""))) -> Support | V4: =ABS(T4-R4) -> 3.2 | W4: {=INDEX(step2_raw_simulation[AI_ENF1_Reason], (ROW(W3)-1)*5 + 1)} -> Dù công nghệ hiện đại giúp phát hiện gian lận, nhưng tôi vẫn lo ngại về khả năng thực thi và sự công bằng trong quá trình xử lý. | X4: =interview_responses[[#This Row],[Lý do - HUMAN-ENF1]] -> Áp dụng công nghệ định danh, rà soát tài khoản tự động các nguồn thu thông qua yêu cầu bên trung gian thanh toán, phán đoán cá nhân. | Y4: =AVERAGE( INDEX(step2_raw_simulation!P:P, (ROW(H3)-1)*5 + 2) : INDEX(step2_raw_simulation!P:P, (ROW(H3)-1)*5 + 6) ) -> 6.4 | Z4: =IF(AND(Y4>=1,Y4<5),"Oppose",IF(AND(Y4>=5,Y4<8),"Neutral",IF(AND(Y4>=8,Y4<=10),"Support",""))) -> Neutral | AA4: =interview_responses[[#This Row],[Tôi tin rằng Nhà nước, cơ quan thuế có đủ khả năng và công nghệ để phát hiện, xử lý nghiêm các hành vi trốn thuế. - HUMAN-ENF2]] -> 10 | AB4: =IF(AND(AA4>=1,AA4<5),"Oppose",IF(AND(AA4>=5,AA4<8),"Neutral",IF(AND(AA4>=8,AA4<=10),"Support",""))) -> Support | AC4: =ABS(AA4-Y4) -> 3.6 | AD4: {=INDEX(step2_raw_simulation[AI_ENF2_Reason], (ROW(AD3)-1)*5 + 1)} -> Tôi tin rằng cơ quan thuế có đủ nguồn lực để quản lý thuế hiệu quả hơn nhờ các cải cách này. | AE4: =interview_responses[[#This Row],[Lý do - HUMAN-ENF2]] -> Công nghệ hiện đại | AF4: =AVERAGE( INDEX(step2_raw_simulation!U:U, (ROW(O3)-1)*5 + 2) : INDEX(step2_raw_simulation!U:U, (ROW(O3)-1)*5 + 6) ) -> 6.2 | AG4: =IF(AND(AF4>=1,AF4<5),"Oppose",IF(AND(AF4>=5,AF4<8),"Neutral",IF(AND(AF4>=8,AF4<=10),"Support",""))) -> Neutral | AH4: =interview_responses[[#This Row],[Các thủ tục khai báo thuế VÀ/HOẶC quy trình làm việc với cơ quan thuế đơn giản, tiện lợi, nhanh chóng hơn so với trước đây. - HUMAN-FAC1]] -> 5 | AI4: =IF(AND(AH4>=1,AH4<5),"Oppose",IF(AND(AH4>=5,AH4<8),"Neutral",IF(AND(AH4>=8,AH4<=10),"Support",""))) -> Neutral | AJ4: =ABS(AH4-AF4) -> 1.2 | AK4: {=INDEX(step2_raw_simulation[AI_FAC1_Reason], (ROW(AK3)-1)*5 + 1)} -> Các quy trình khai báo đã đơn giản hơn, nhưng tôi vẫn cảm thấy chưa thật sự thuận tiện do chưa quen với hệ thống mới. | AL4: =interview_responses[[#This Row],[Lý do - HUMAN-FAC1]] -> Vẫn thấy có nhiều khó khăn khi dùng Etax mobile. Chưa rõ phần mềm có cập nhật, thay đổi theo chính sách mới hay không. | AM4: =AVERAGE( INDEX(step2_raw_simulation!Z:Z, (ROW(V3)-1)*5 + 2) : INDEX(step2_raw_simulation!Z:Z, (ROW(V3)-1)*5 + 6) ) -> 6.8 | AN4: =IF(AND(AM4>=1,AM4<5),"Oppose",IF(AND(AM4>=5,AM4<8),"Neutral",IF(AND(AM4>=8,AM4<=10),"Support",""))) -> Neutral | AO4: =interview_responses[[#This Row],[So với trước đây, tôi thấy cách tính thuế và các bậc thuế trong phương án mới đơn giản, dễ hiểu và dễ thực hiện hơn. - HUMAN-FAC2]] -> 7 | AP4: =IF(AND(AO4>=1,AO4<5),"Oppose",IF(AND(AO4>=5,AO4<8),"Neutral",IF(AND(AO4>=8,AO4<=10),"Support",""))) -> Neutral | AQ4: =ABS(AO4-AM4) -> 0.2 | AR4: {=INDEX(step2_raw_simulation[AI_FAC2_Reason], (ROW(AR3)-1)*5 + 1)} -> Biểu thuế đơn giản hơn, dễ hiểu và thực hiện dễ dàng hơn so với trước đây. | AS4: =interview_responses[[#This Row],[Lý do - HUMAN-FAC2]] -> Chưa làm theo quy định mới nhưng từ truyền thông giải thích thì cảm giác có sự tốt hơn | AT4: =AVERAGE( INDEX(step2_raw_simulation!AE:AE, (ROW(AC3)-1)*5 + 2) : INDEX(step2_raw_simulation!AE:AE, (ROW(AC3)-1)*5 + 6) ) -> 5.6 | AU4: =IF(AND(AT4>=1,AT4<5),"Oppose",IF(AND(AT4>=5,AT4<8),"Neutral",IF(AND(AT4>=8,AT4<=10),"Support",""))) -> Neutral | AV4: =interview_responses[[#This Row],[Tôi tin rằng Nhà nước, cơ quan thuế sẽ thực thi chính sách mới một cách khách quan, công tâm và đối xử bình đẳng với mọi người nộp thuế. - HUMAN-TRU1]] -> 7 | AW4: =IF(AND(AV4>=1,AV4<5),"Oppose",IF(AND(AV4>=5,AV4<8),"Neutral",IF(AND(AV4>=8,AV4<=10),"Support",""))) -> Neutral | AX4: =ABS(AV4-AT4) -> 1.4 | AY4: {=INDEX(step2_raw_simulation[AI_TRU1_Reason], (ROW(AY3)-1)*5 + 1)} -> Tôi hy vọng rằng sự công bằng sẽ được duy trì trong quá trình áp dụng chính sách mới, nhưng vẫn có hoài nghi về thực tế. | AZ4: =interview_responses[[#This Row],[Lý do - HUMAN-TRU1]] -> Vì còn mới và chưa triển khai, nên phỏng đoán sẽ tốt hơn cách làm trước đây. Dựa trên kinh nghiệm từ quá khứ thì mọi thứ vẫn làm tốt, nhưng chưa chắc tương lai thế nào vì không biết quá trình chuyển đổi thế nào. | BA4: =AVERAGE( INDEX(step2_raw_simulation!AJ:AJ, (ROW(AJ3)-1)*5 + 2) : INDEX(step2_raw_simulation!AJ:AJ, (ROW(AJ3)-1)*5 + 6) ) -> 6.6 | BB4: =IF(AND(BA4>=1,BA4<5),"Oppose",IF(AND(BA4>=5,BA4<8),"Neutral",IF(AND(BA4>=8,BA4<=10),"Support",""))) -> Neutral | BC4: =interview_responses[[#This Row],[Tôi thấy mức thuế tôi phải đóng theo phương án mới là công bằng (người thu nhập như tôi đóng mức này là hợp lý). - HUMAN-TRU2]] -> 6 | BD4: =IF(AND(BC4>=1,BC4<5),"Oppose",IF(AND(BC4>=5,BC4<8),"Neutral",IF(AND(BC4>=8,BC4<=10),"Support",""))) -> Neutral | BE4: =ABS(BC4-BA4) -> 0.6 | BF4: {=INDEX(step2_raw_simulation[AI_TRU2_Reason], (ROW(BF3)-1)*5 + 1)} -> Đối với thu nhập của tôi, mức thuế mới này là hợp lý và công bằng. | BG4: =interview_responses[[#This Row],[Lý do - HUMAN-TRU2]] -> Do sức mua bị giảm bởi lạm phát do cung tiền cho các dự án quốc gia, nên cảm thấy 6/10. Thay đổi chưa phù hợp với mức sống thực tế. | BH4: =AVERAGE( INDEX(step2_raw_simulation!AO:AO, (ROW(AQ3)-1)*5 + 2) : INDEX(step2_raw_simulation!AO:AO, (ROW(AQ3)-1)*5 + 6) ) -> 5.4 | BI4: =IF(AND(BH4>=1,BH4<5),"Oppose",IF(AND(BH4>=5,BH4<8),"Neutral",IF(AND(BH4>=8,BH4<=10),"Support",""))) -> Neutral | BJ4: =interview_responses[[#This Row],[Tôi tin tưởng số tiền thuế tôi đóng sẽ được Nhà nước sử dụng hiệu quả để cải thiện dịch vụ công (y tế, đường xá...). - HUMAN-TRU3]] -> 5 | BK4: =IF(AND(BJ4>=1,BJ4<5),"Oppose",IF(AND(BJ4>=5,BJ4<8),"Neutral",IF(AND(BJ4>=8,BJ4<=10),"Support",""))) -> Neutral | BL4: =ABS(BJ4-BH4) -> 0.4 | BM4: {=INDEX(step2_raw_simulation[AI_TRU3_Reason], (ROW(BM3)-1)*5 + 1)} -> Tôi tin rằng tiền thuế đóng góp sẽ được sử dụng hiệu quả để cải thiện các dịch vụ công, nhưng vẫn lo ngại về minh bạch trong quá trình sử dụng. | BN4: =interview_responses[[#This Row],[Lý do - HUMAN-TRU3]] -> Tính hiệu quả từ tiền thuế thu được chưa được minh bạch và giải trình đầy đủ, còn nhiều vụ án tham nhũng khi triển khai dự án công, trong đó có phần tiền thuế đóng góp. | BO4: =AVERAGE( INDEX(step2_raw_simulation!AT:AT, (ROW(AX3)-1)*5 + 2) : INDEX(step2_raw_simulation!AT:AT, (ROW(AX3)-1)*5 + 6) ) -> 5.6 | BP4: =IF(AND(BO4>=1,BO4<5),"Oppose",IF(AND(BO4>=5,BO4<8),"Neutral",IF(AND(BO4>=8,BO4<=10),"Support",""))) -> Neutral | BQ4: =interview_responses[[#This Row],[Tôi thấy Nhà nước đã giải thích rõ ràng, minh bạch về lý do và mục tiêu của việc sửa đổi thuế lần này. - HUMAN-TRU4]] -> 6 | BR4: =IF(AND(BQ4>=1,BQ4<5),"Oppose",IF(AND(BQ4>=5,BQ4<8),"Neutral",IF(AND(BQ4>=8,BQ4<=10),"Support",""))) -> Neutral | BS4: =ABS(BQ4-BO4) -> 0.4 | BT4: {=INDEX(step2_raw_simulation[AI_TRU4_Reason], (ROW(BT3)-1)*5 + 1)} -> Những giải thích về chính sách mới chưa đủ chi tiết và rõ ràng như tôi mong đợi, nhưng tôi hy vọng rằng sự minh bạch sẽ được cải thiện. | BU4: =interview_responses[[#This Row],[Lý do - HUMAN-TRU4]] -> Chỉ tham khảo từ nguồn truyền thông. Chưa thấy thông tin từ cơ quan thuế, giới học thuật (sách vở). | BV4: =AVERAGE( INDEX(step2_raw_simulation!AY:AY, (ROW(BE3)-1)*5 + 2) : INDEX(step2_raw_simulation!AY:AY, (ROW(BE3)-1)*5 + 6) ) -> 7 | BW4: =IF(AND(BV4>=1,BV4<5),"Oppose",IF(AND(BV4>=5,BV4<8),"Neutral",IF(AND(BV4>=8,BV4<=10),"Support",""))) -> Neutral | BX4: =interview_responses[[#This Row],[Sau khi xem xét các quyền lợi và nghĩa vụ, bạn có ủng hộ và tuân thủ chính sách mới hiện nay? - HUMAN-OUT1]] -> 7 | BY4: =IF(AND(BX4>=1,BX4<5),"Oppose",IF(AND(BX4>=5,BX4<8),"Neutral",IF(AND(BX4>=8,BX4<=10),"Support",""))) -> Neutral | BZ4: =ABS(BX4-BV4) -> 0 | CA4: {=INDEX(step2_raw_simulation[AI_OUT1_Reason], (ROW(CA3)-1)*5 + 1)} -> Thuế giảm đi đáng kể, cộng với mức thuế đơn giản hơn, đã làm tăng niềm tin của tôi về chính sách mới. Tuy nhiên, vẫn có một số lo ngại cần giải quyết. | CB4: =interview_responses[[#This Row],[Lý do - HUMAN-OUT1]] -> Đóng thuế ít hơn, các khung thuế cũng đơn giản hơn. Nhưng tổng thể không đáp ứng được mong đợi so với thực mức sống thực tế. Tuy nhiên, sẽ ủng hộ nếu thu thuế tốt cho cả quốc gia nếu xài tiền thuế thu được hiệu quả.
A5: {=INDEX(step2_raw_simulation[Persona_ID], (ROW(A4)-1)*5 + 1)} -> 4 | B5: {=INDEX(step2_raw_simulation[Run_ID], (ROW(B4)-1)*5 + 1)} -> 1 | C5: {=INDEX(step2_raw_simulation[Used_Seed], (ROW(C4)-1)*5 + 1)} -> 343 | D5: {=INDEX(step2_raw_simulation[Gender], (ROW(D4)-1)*5 + 1)} -> Nữ | E5: =interview_responses[[#This Row],[Giới tính của bạn:]] -> Nữ | F5: {=INDEX(step2_raw_simulation[Age], (ROW(F4)-1)*5 + 1)} -> 40 - 49 | G5: =interview_responses[[#This Row],[Độ tuổi của bạn:]] -> 40 - 49 | H5: {=INDEX(step2_raw_simulation[Region], (ROW(H4)-1)*5 + 1)} -> Thành thị | I5: =interview_responses[[#This Row],[Khu vực bạn đang sinh sống:]] -> Thành thị | J5: {=INDEX(step2_raw_simulation[Education], (ROW(J4)-1)*5 + 1)} -> Sau Đại học | K5: =interview_responses[[#This Row],[Trình độ học vấn cao nhất:]] -> Sau Đại học | L5: {=INDEX(step2_raw_simulation[Employment], (ROW(L4)-1)*5 + 1)} -> Chính thức | M5: =interview_responses[[#This Row],[Tình trạng việc làm chính:]] -> Khu vực chính thức (Có Hợp đồng lao động, đóng BHXH) | N5: {=INDEX(step2_raw_simulation[Income_Mil], (ROW(N4)-1)*5 + 1)} -> 86 | O5: =interview_responses[[#This Row],[Thu nhập bình quân tháng theo Hợp đồng lao động của bạn là bao nhiêu? (Vui lòng điền tổng thu nhập trước khi khấu trừ các loại Bảo hiểm (BHXH, BHYT, BHTN) và Thuế TNCN)]] -> Từ 70 - 102 triệu VNĐ | P5: {=INDEX(step2_raw_simulation[Dependents], (ROW(P4)-1)*5 + 1)} -> 2 | Q5: =interview_responses[[#This Row],[Số người phụ thuộc (con nhỏ, cha mẹ già...) đủ điều kiện giảm trừ gia cảnh:]] -> 2 người | R5: =AVERAGE( INDEX(step2_raw_simulation!K:K, (ROW(A4)-1)*5 + 2) : INDEX(step2_raw_simulation!K:K, (ROW(A4)-1)*5 + 6) ) -> 6.4 | S5: =IF(AND(R5>=1,R5<5),"Oppose",IF(AND(R5>=5,R5<8),"Neutral",IF(AND(R5>=8,R5<=10),"Support",""))) -> Neutral | T5: =interview_responses[[#This Row],[Tôi tin rằng với các quy định quản lý thuế hiện nay, hành vi gian lận hoặc trốn thuế sẽ dễ dàng bị phát hiện và xử lý nghiêm. - HUMAN-ENF1]] -> 6 | U5: =IF(AND(T5>=1,T5<5),"Oppose",IF(AND(T5>=5,T5<8),"Neutral",IF(AND(T5>=8,T5<=10),"Support",""))) -> Neutral | V5: =ABS(T5-R5) -> 0.4 | W5: {=INDEX(step2_raw_simulation[AI_ENF1_Reason], (ROW(W4)-1)*5 + 1)} -> Tuy luật thuế mới đơn giản hơn nhưng việc quản lý thuế đối với người dân không dễ dàng, đặc biệt là những người có thu nhập phi chính thức. Điều này làm tôi nghi ngờ khả năng phát hiện và xử lý các hành vi trốn thuế. | X5: =interview_responses[[#This Row],[Lý do - HUMAN-ENF1]] -> Người có thu nhập phi chính thức còn nhiều và Nhà nước hiện nay chưa quản lý được. | Y5: =AVERAGE( INDEX(step2_raw_simulation!P:P, (ROW(H4)-1)*5 + 2) : INDEX(step2_raw_simulation!P:P, (ROW(H4)-1)*5 + 6) ) -> 6.4 | Z5: =IF(AND(Y5>=1,Y5<5),"Oppose",IF(AND(Y5>=5,Y5<8),"Neutral",IF(AND(Y5>=8,Y5<=10),"Support",""))) -> Neutral | AA5: =interview_responses[[#This Row],[Tôi tin rằng Nhà nước, cơ quan thuế có đủ khả năng và công nghệ để phát hiện, xử lý nghiêm các hành vi trốn thuế. - HUMAN-ENF2]] -> 5 | AB5: =IF(AND(AA5>=1,AA5<5),"Oppose",IF(AND(AA5>=5,AA5<8),"Neutral",IF(AND(AA5>=8,AA5<=10),"Support",""))) -> Neutral | AC5: =ABS(AA5-Y5) -> 1.4 | AD5: {=INDEX(step2_raw_simulation[AI_ENF2_Reason], (ROW(AD4)-1)*5 + 1)} -> Hiện tại cơ quan thuế đang nâng cao công nghệ quản lý, nhưng việc thực thi vẫn còn hạn chế đối với người dân không có mối quan hệ hoặc hiểu biết về quy trình khai báo thuế. | AE5: =interview_responses[[#This Row],[Lý do - HUMAN-ENF2]] -> Hiện nay các khoản doanh thu bán lẻ không xuất hóa đơn vẫn còn cao, như doanh thu bán lẻ, cái này chưa có công nghệ quản lý. | AF5: =AVERAGE( INDEX(step2_raw_simulation!U:U, (ROW(O4)-1)*5 + 2) : INDEX(step2_raw_simulation!U:U, (ROW(O4)-1)*5 + 6) ) -> 6.6 | AG5: =IF(AND(AF5>=1,AF5<5),"Oppose",IF(AND(AF5>=5,AF5<8),"Neutral",IF(AND(AF5>=8,AF5<=10),"Support",""))) -> Neutral | AH5: =interview_responses[[#This Row],[Các thủ tục khai báo thuế VÀ/HOẶC quy trình làm việc với cơ quan thuế đơn giản, tiện lợi, nhanh chóng hơn so với trước đây. - HUMAN-FAC1]] -> 2 | AI5: =IF(AND(AH5>=1,AH5<5),"Oppose",IF(AND(AH5>=5,AH5<8),"Neutral",IF(AND(AH5>=8,AH5<=10),"Support",""))) -> Oppose | AJ5: =ABS(AH5-AF5) -> 4.6 | AK5: {=INDEX(step2_raw_simulation[AI_FAC1_Reason], (ROW(AK4)-1)*5 + 1)} -> So với trước đây, quy trình làm việc với cơ quan thuế trở nên đơn giản hơn. Việc tăng giảm trừ gia cảnh cũng giúp quá trình khai báo thuận lợi hơn. | AL5: =interview_responses[[#This Row],[Lý do - HUMAN-FAC1]] -> Thủ tục khai báo phức tạp, tôi phải thường nhờ dịch vụ làm thì sẽ thuận tiện, nhanh chóng hơn. Còn người dân bình thường sẽ khó xử lý vì không có mối quan hệ để hỏi người chịu trách nhiệm chính, hỗ trợ. | AM5: =AVERAGE( INDEX(step2_raw_simulation!Z:Z, (ROW(V4)-1)*5 + 2) : INDEX(step2_raw_simulation!Z:Z, (ROW(V4)-1)*5 + 6) ) -> 8 | AN5: =IF(AND(AM5>=1,AM5<5),"Oppose",IF(AND(AM5>=5,AM5<8),"Neutral",IF(AND(AM5>=8,AM5<=10),"Support",""))) -> Support | AO5: =interview_responses[[#This Row],[So với trước đây, tôi thấy cách tính thuế và các bậc thuế trong phương án mới đơn giản, dễ hiểu và dễ thực hiện hơn. - HUMAN-FAC2]] -> 7 | AP5: =IF(AND(AO5>=1,AO5<5),"Oppose",IF(AND(AO5>=5,AO5<8),"Neutral",IF(AND(AO5>=8,AO5<=10),"Support",""))) -> Neutral | AQ5: =ABS(AO5-AM5) -> 1 | AR5: {=INDEX(step2_raw_simulation[AI_FAC2_Reason], (ROW(AR4)-1)*5 + 1)} -> Các bậc thuế mới rõ ràng và dễ hiểu hơn so với trước đây, giúp tôi nắm bắt nhanh chóng. | AS5: =interview_responses[[#This Row],[Lý do - HUMAN-FAC2]] -> Đơn giản hơn vì nó ít bậc hơn. | AT5: =AVERAGE( INDEX(step2_raw_simulation!AE:AE, (ROW(AC4)-1)*5 + 2) : INDEX(step2_raw_simulation!AE:AE, (ROW(AC4)-1)*5 + 6) ) -> 7 | AU5: =IF(AND(AT5>=1,AT5<5),"Oppose",IF(AND(AT5>=5,AT5<8),"Neutral",IF(AND(AT5>=8,AT5<=10),"Support",""))) -> Neutral | AV5: =interview_responses[[#This Row],[Tôi tin rằng Nhà nước, cơ quan thuế sẽ thực thi chính sách mới một cách khách quan, công tâm và đối xử bình đẳng với mọi người nộp thuế. - HUMAN-TRU1]] -> 7 | AW5: =IF(AND(AV5>=1,AV5<5),"Oppose",IF(AND(AV5>=5,AV5<8),"Neutral",IF(AND(AV5>=8,AV5<=10),"Support",""))) -> Neutral | AX5: =ABS(AV5-AT5) -> 0 | AY5: {=INDEX(step2_raw_simulation[AI_TRU1_Reason], (ROW(AY4)-1)*5 + 1)} -> Tôi hy vọng Nhà nước sẽ thực thi chính sách một cách công bằng nhưng vẫn còn lo ngại về khả năng quản lý và xử lý các vấn đề phát sinh. | AZ5: =interview_responses[[#This Row],[Lý do - HUMAN-TRU1]] -> Tôi hi vọng thế. Hiện tại, Nhà nước cũng đang cố gắng minh bạch, đưa ra nhiều chính sách cải tiến để giúp việc thực thi chính sách tốt hơn. | BA5: =AVERAGE( INDEX(step2_raw_simulation!AJ:AJ, (ROW(AJ4)-1)*5 + 2) : INDEX(step2_raw_simulation!AJ:AJ, (ROW(AJ4)-1)*5 + 6) ) -> 8 | BB5: =IF(AND(BA5>=1,BA5<5),"Oppose",IF(AND(BA5>=5,BA5<8),"Neutral",IF(AND(BA5>=8,BA5<=10),"Support",""))) -> Support | BC5: =interview_responses[[#This Row],[Tôi thấy mức thuế tôi phải đóng theo phương án mới là công bằng (người thu nhập như tôi đóng mức này là hợp lý). - HUMAN-TRU2]] -> 7 | BD5: =IF(AND(BC5>=1,BC5<5),"Oppose",IF(AND(BC5>=5,BC5<8),"Neutral",IF(AND(BC5>=8,BC5<=10),"Support",""))) -> Neutral | BE5: =ABS(BC5-BA5) -> 1 | BF5: {=INDEX(step2_raw_simulation[AI_TRU2_Reason], (ROW(BF4)-1)*5 + 1)} -> Mức thuế mới có phần hợp lý hơn với thu nhập của tôi, giúp tôi thấy công bằng trong việc đóng góp cho xã hội. | BG5: =interview_responses[[#This Row],[Lý do - HUMAN-TRU2]] -> Mức giảm trừ được nâng lên, và các bậc thuế cũng thấp hơn. Tuy nhiên, chưa phản ánh đúng với thực tế, mức sống hiện nay. | BH5: =AVERAGE( INDEX(step2_raw_simulation!AO:AO, (ROW(AQ4)-1)*5 + 2) : INDEX(step2_raw_simulation!AO:AO, (ROW(AQ4)-1)*5 + 6) ) -> 7 | BI5: =IF(AND(BH5>=1,BH5<5),"Oppose",IF(AND(BH5>=5,BH5<8),"Neutral",IF(AND(BH5>=8,BH5<=10),"Support",""))) -> Neutral | BJ5: =interview_responses[[#This Row],[Tôi tin tưởng số tiền thuế tôi đóng sẽ được Nhà nước sử dụng hiệu quả để cải thiện dịch vụ công (y tế, đường xá...). - HUMAN-TRU3]] -> 5 | BK5: =IF(AND(BJ5>=1,BJ5<5),"Oppose",IF(AND(BJ5>=5,BJ5<8),"Neutral",IF(AND(BJ5>=8,BJ5<=10),"Support",""))) -> Neutral | BL5: =ABS(BJ5-BH5) -> 2 | BM5: {=INDEX(step2_raw_simulation[AI_TRU3_Reason], (ROW(BM4)-1)*5 + 1)} -> Tôi tin rằng số tiền thuế đóng sẽ được sử dụng hiệu quả để cải thiện dịch vụ công, mặc dù vẫn còn những vấn đề về quản lý tài chính của Nhà nước. | BN5: =interview_responses[[#This Row],[Lý do - HUMAN-TRU3]] -> Tôi không quá tin vào điều này vì hàng năm vẫn thấy sự thất thoát, tuy nhiên tôi tin năng lực quản lý nhà nước sẽ tăng lên. | BO5: =AVERAGE( INDEX(step2_raw_simulation!AT:AT, (ROW(AX4)-1)*5 + 2) : INDEX(step2_raw_simulation!AT:AT, (ROW(AX4)-1)*5 + 6) ) -> 7.8 | BP5: =IF(AND(BO5>=1,BO5<5),"Oppose",IF(AND(BO5>=5,BO5<8),"Neutral",IF(AND(BO5>=8,BO5<=10),"Support",""))) -> Neutral | BQ5: =interview_responses[[#This Row],[Tôi thấy Nhà nước đã giải thích rõ ràng, minh bạch về lý do và mục tiêu của việc sửa đổi thuế lần này. - HUMAN-TRU4]] -> 7 | BR5: =IF(AND(BQ5>=1,BQ5<5),"Oppose",IF(AND(BQ5>=5,BQ5<8),"Neutral",IF(AND(BQ5>=8,BQ5<=10),"Support",""))) -> Neutral | BS5: =ABS(BQ5-BO5) -> 0.8 | BT5: {=INDEX(step2_raw_simulation[AI_TRU4_Reason], (ROW(BT4)-1)*5 + 1)} -> Chính phủ đã giải thích rõ ràng về mục tiêu và lý do sửa đổi thuế lần này. Tuy nhiên, việc minh bạch đầy đủ vẫn cần được cải thiện hơn nữa. | BU5: =interview_responses[[#This Row],[Lý do - HUMAN-TRU4]] -> Nó được lấy ý kiến từ người dân và công khai thông tin rõ ràng. Truyền thông rõ ràng từng chặng, từng bước quá trình luật hình thành. | BV5: =AVERAGE( INDEX(step2_raw_simulation!AY:AY, (ROW(BE4)-1)*5 + 2) : INDEX(step2_raw_simulation!AY:AY, (ROW(BE4)-1)*5 + 6) ) -> 8.8 | BW5: =IF(AND(BV5>=1,BV5<5),"Oppose",IF(AND(BV5>=5,BV5<8),"Neutral",IF(AND(BV5>=8,BV5<=10),"Support",""))) -> Support | BX5: =interview_responses[[#This Row],[Sau khi xem xét các quyền lợi và nghĩa vụ, bạn có ủng hộ và tuân thủ chính sách mới hiện nay? - HUMAN-OUT1]] -> 8 | BY5: =IF(AND(BX5>=1,BX5<5),"Oppose",IF(AND(BX5>=5,BX5<8),"Neutral",IF(AND(BX5>=8,BX5<=10),"Support",""))) -> Support | BZ5: =ABS(BX5-BV5) -> 0.8 | CA5: {=INDEX(step2_raw_simulation[AI_OUT1_Reason], (ROW(CA4)-1)*5 + 1)} -> Dù có những hạn chế nhưng chính sách mới đáp ứng tốt nhu cầu của tôi về mặt tài chính và tiện ích, do đó tôi ủng hộ và tuân thủ. | CB5: =interview_responses[[#This Row],[Lý do - HUMAN-OUT1]] -> Vì đóng thuế là nghĩa vụ công dân để xây dựng đất nước và mức thuế này cũng hợp lý. Tuy nhiên, chưa phản ánh hoàn toàn thực tế hiện nay.
A6: {=INDEX(step2_raw_simulation[Persona_ID], (ROW(A5)-1)*5 + 1)} -> 5 | B6: {=INDEX(step2_raw_simulation[Run_ID], (ROW(B5)-1)*5 + 1)} -> 1 | C6: {=INDEX(step2_raw_simulation[Used_Seed], (ROW(C5)-1)*5 + 1)} -> 443 | D6: {=INDEX(step2_raw_simulation[Gender], (ROW(D5)-1)*5 + 1)} -> Nữ | E6: =interview_responses[[#This Row],[Giới tính của bạn:]] -> Nữ | F6: {=INDEX(step2_raw_simulation[Age], (ROW(F5)-1)*5 + 1)} -> 40 - 49 | G6: =interview_responses[[#This Row],[Độ tuổi của bạn:]] -> 40 - 49 | H6: {=INDEX(step2_raw_simulation[Region], (ROW(H5)-1)*5 + 1)} -> Thành thị | I6: =interview_responses[[#This Row],[Khu vực bạn đang sinh sống:]] -> Thành thị | J6: {=INDEX(step2_raw_simulation[Education], (ROW(J5)-1)*5 + 1)} -> Đại học | K6: =interview_responses[[#This Row],[Trình độ học vấn cao nhất:]] -> Đại học | L6: {=INDEX(step2_raw_simulation[Employment], (ROW(L5)-1)*5 + 1)} -> Chính thức | M6: =interview_responses[[#This Row],[Tình trạng việc làm chính:]] -> Khu vực chính thức (Có Hợp đồng lao động, đóng BHXH) | N6: {=INDEX(step2_raw_simulation[Income_Mil], (ROW(N5)-1)*5 + 1)} -> 120 | O6: =interview_responses[[#This Row],[Thu nhập bình quân tháng theo Hợp đồng lao động của bạn là bao nhiêu? (Vui lòng điền tổng thu nhập trước khi khấu trừ các loại Bảo hiểm (BHXH, BHYT, BHTN) và Thuế TNCN)]] -> Trên 102 triệu VNĐ | P6: {=INDEX(step2_raw_simulation[Dependents], (ROW(P5)-1)*5 + 1)} -> 2 | Q6: =interview_responses[[#This Row],[Số người phụ thuộc (con nhỏ, cha mẹ già...) đủ điều kiện giảm trừ gia cảnh:]] -> 2 người | R6: =AVERAGE( INDEX(step2_raw_simulation!K:K, (ROW(A5)-1)*5 + 2) : INDEX(step2_raw_simulation!K:K, (ROW(A5)-1)*5 + 6) ) -> 8.2 | S6: =IF(AND(R6>=1,R6<5),"Oppose",IF(AND(R6>=5,R6<8),"Neutral",IF(AND(R6>=8,R6<=10),"Support",""))) -> Support | T6: =interview_responses[[#This Row],[Tôi tin rằng với các quy định quản lý thuế hiện nay, hành vi gian lận hoặc trốn thuế sẽ dễ dàng bị phát hiện và xử lý nghiêm. - HUMAN-ENF1]] -> 8 | U6: =IF(AND(T6>=1,T6<5),"Oppose",IF(AND(T6>=5,T6<8),"Neutral",IF(AND(T6>=8,T6<=10),"Support",""))) -> Support | V6: =ABS(T6-R6) -> 0.2 | W6: {=INDEX(step2_raw_simulation[AI_ENF1_Reason], (ROW(W5)-1)*5 + 1)} -> Tăng mức giảm trừ gia cảnh và đơn giản hóa biểu thuế có thể làm giảm gian lận, nhưng thực tế chưa nắm bắt được những người không khai báo. | X6: =interview_responses[[#This Row],[Lý do - HUMAN-ENF1]] -> Khi cảm giác về gánh nặng thuế giảm sẽ khuyến khích người đóng thuế tích cực kê khai nộp thuế hơn. Hiện nay, cơ quan thuế cũng đang triển khai rất quyết liệt, nhanh và hiệu quả. | Y6: =AVERAGE( INDEX(step2_raw_simulation!P:P, (ROW(H5)-1)*5 + 2) : INDEX(step2_raw_simulation!P:P, (ROW(H5)-1)*5 + 6) ) -> 8.4 | Z6: =IF(AND(Y6>=1,Y6<5),"Oppose",IF(AND(Y6>=5,Y6<8),"Neutral",IF(AND(Y6>=8,Y6<=10),"Support",""))) -> Support | AA6: =interview_responses[[#This Row],[Tôi tin rằng Nhà nước, cơ quan thuế có đủ khả năng và công nghệ để phát hiện, xử lý nghiêm các hành vi trốn thuế. - HUMAN-ENF2]] -> 8 | AB6: =IF(AND(AA6>=1,AA6<5),"Oppose",IF(AND(AA6>=5,AA6<8),"Neutral",IF(AND(AA6>=8,AA6<=10),"Support",""))) -> Support | AC6: =ABS(AA6-Y6) -> 0.4 | AD6: {=INDEX(step2_raw_simulation[AI_ENF2_Reason], (ROW(AD5)-1)*5 + 1)} -> Cơ quan thuế triển khai nhanh và hiệu quả các công nghệ mới như hệ thống hoá đơn điện tử, tuy nhiên vẫn còn hạn chế với những người không khai báo trực tiếp. | AE6: =interview_responses[[#This Row],[Lý do - HUMAN-ENF2]] -> Qua kinh nghiệm hệ thống hoá đơn điện tử từ VAT hay thuế DN thì làm rất hiệu quả. Hiện nay, cơ quan thuế cũng đang triển khai rất quyết liệt, nhanh và hiệu quả. | AF6: =AVERAGE( INDEX(step2_raw_simulation!U:U, (ROW(O5)-1)*5 + 2) : INDEX(step2_raw_simulation!U:U, (ROW(O5)-1)*5 + 6) ) -> 8 | AG6: =IF(AND(AF6>=1,AF6<5),"Oppose",IF(AND(AF6>=5,AF6<8),"Neutral",IF(AND(AF6>=8,AF6<=10),"Support",""))) -> Support | AH6: =interview_responses[[#This Row],[Các thủ tục khai báo thuế VÀ/HOẶC quy trình làm việc với cơ quan thuế đơn giản, tiện lợi, nhanh chóng hơn so với trước đây. - HUMAN-FAC1]] -> 8 | AI6: =IF(AND(AH6>=1,AH6<5),"Oppose",IF(AND(AH6>=5,AH6<8),"Neutral",IF(AND(AH6>=8,AH6<=10),"Support",""))) -> Support | AJ6: =ABS(AH6-AF6) -> 0 | AK6: {=INDEX(step2_raw_simulation[AI_FAC1_Reason], (ROW(AK5)-1)*5 + 1)} -> Quy trình làm việc với cơ quan thuế đã đơn giản hơn so với trước đây, nhưng cần thêm thời gian để mọi người nắm bắt và áp dụng. | AL6: =interview_responses[[#This Row],[Lý do - HUMAN-FAC1]] -> Không khai báo trực tiếp nên không trả lời được chính xác. Do công ty đóng nên chưa nhiều trải nghiệm. Nghe qua một vài chia sẻ thì thấy tích cực, tốt. Tuy nhiên, trong quá khứ thì có trải nghiệm chưa tốt, dù hiện tại trải nghiệm tốt hơn từ chia sẻ bạn bè, người thân. Có sự cải tiến nhiều. | AM6: =AVERAGE( INDEX(step2_raw_simulation!Z:Z, (ROW(V5)-1)*5 + 2) : INDEX(step2_raw_simulation!Z:Z, (ROW(V5)-1)*5 + 6) ) -> 7.8 | AN6: =IF(AND(AM6>=1,AM6<5),"Oppose",IF(AND(AM6>=5,AM6<8),"Neutral",IF(AND(AM6>=8,AM6<=10),"Support",""))) -> Neutral | AO6: =interview_responses[[#This Row],[So với trước đây, tôi thấy cách tính thuế và các bậc thuế trong phương án mới đơn giản, dễ hiểu và dễ thực hiện hơn. - HUMAN-FAC2]] -> 9 | AP6: =IF(AND(AO6>=1,AO6<5),"Oppose",IF(AND(AO6>=5,AO6<8),"Neutral",IF(AND(AO6>=8,AO6<=10),"Support",""))) -> Support | AQ6: =ABS(AO6-AM6) -> 1.2 | AR6: {=INDEX(step2_raw_simulation[AI_FAC2_Reason], (ROW(AR5)-1)*5 + 1)} -> Biểu thuế mới có ít bậc hơn nên dễ hiểu hơn, song vẫn chưa tối ưu hóa được cho những trường hợp thu nhập đặc biệt cao. | AS6: =interview_responses[[#This Row],[Lý do - HUMAN-FAC2]] -> Có sự giãn cách giữa các bậc. Cơ bản cũng không quan tâm nhiều do nhân sự, kế toán làm hết rồi. Qua truyền thông, báo chí thì thấy có sự đơn giản, dễ hiểu. | AT6: =AVERAGE( INDEX(step2_raw_simulation!AE:AE, (ROW(AC5)-1)*5 + 2) : INDEX(step2_raw_simulation!AE:AE, (ROW(AC5)-1)*5 + 6) ) -> 8 | AU6: =IF(AND(AT6>=1,AT6<5),"Oppose",IF(AND(AT6>=5,AT6<8),"Neutral",IF(AND(AT6>=8,AT6<=10),"Support",""))) -> Support | AV6: =interview_responses[[#This Row],[Tôi tin rằng Nhà nước, cơ quan thuế sẽ thực thi chính sách mới một cách khách quan, công tâm và đối xử bình đẳng với mọi người nộp thuế. - HUMAN-TRU1]] -> 6 | AW6: =IF(AND(AV6>=1,AV6<5),"Oppose",IF(AND(AV6>=5,AV6<8),"Neutral",IF(AND(AV6>=8,AV6<=10),"Support",""))) -> Neutral | AX6: =ABS(AV6-AT6) -> 2 | AY6: {=INDEX(step2_raw_simulation[AI_TRU1_Reason], (ROW(AY5)-1)*5 + 1)} -> Công bằng về mặt giảm trừ gia cảnh và biểu thuế đơn giản hơn, nhưng còn nhiều người không khai báo nên chưa thực sự công bằng đối với tất cả. | AZ6: =interview_responses[[#This Row],[Lý do - HUMAN-TRU1]] -> Hiện mới chỉ nắm được người có tóc, chưa xử lý được những người nằm ngoài tầm kiểm soát hay khó quản lý. Chưa có chính sách khuyến khích người thu nhập cao chủ động khai báo thuế, minh bạch các nguồn thu. | BA6: =AVERAGE( INDEX(step2_raw_simulation!AJ:AJ, (ROW(AJ5)-1)*5 + 2) : INDEX(step2_raw_simulation!AJ:AJ, (ROW(AJ5)-1)*5 + 6) ) -> 7.2 | BB6: =IF(AND(BA6>=1,BA6<5),"Oppose",IF(AND(BA6>=5,BA6<8),"Neutral",IF(AND(BA6>=8,BA6<=10),"Support",""))) -> Neutral | BC6: =interview_responses[[#This Row],[Tôi thấy mức thuế tôi phải đóng theo phương án mới là công bằng (người thu nhập như tôi đóng mức này là hợp lý). - HUMAN-TRU2]] -> 7 | BD6: =IF(AND(BC6>=1,BC6<5),"Oppose",IF(AND(BC6>=5,BC6<8),"Neutral",IF(AND(BC6>=8,BC6<=10),"Support",""))) -> Neutral | BE6: =ABS(BC6-BA6) -> 0.2 | BF6: {=INDEX(step2_raw_simulation[AI_TRU2_Reason], (ROW(BF5)-1)*5 + 1)} -> Mức thuế mới có vẻ hợp lý cho thu nhập như tôi, tuy nhiên vẫn lo ngại về việc những người có thu nhập cao hơn sẽ trốn thuế hiệu quả hơn. | BG6: =interview_responses[[#This Row],[Lý do - HUMAN-TRU2]] -> Tương tự câu trên, mới nắm được người có tóc | BH6: =AVERAGE( INDEX(step2_raw_simulation!AO:AO, (ROW(AQ5)-1)*5 + 2) : INDEX(step2_raw_simulation!AO:AO, (ROW(AQ5)-1)*5 + 6) ) -> 7.6 | BI6: =IF(AND(BH6>=1,BH6<5),"Oppose",IF(AND(BH6>=5,BH6<8),"Neutral",IF(AND(BH6>=8,BH6<=10),"Support",""))) -> Neutral | BJ6: =interview_responses[[#This Row],[Tôi tin tưởng số tiền thuế tôi đóng sẽ được Nhà nước sử dụng hiệu quả để cải thiện dịch vụ công (y tế, đường xá...). - HUMAN-TRU3]] -> 5 | BK6: =IF(AND(BJ6>=1,BJ6<5),"Oppose",IF(AND(BJ6>=5,BJ6<8),"Neutral",IF(AND(BJ6>=8,BJ6<=10),"Support",""))) -> Neutral | BL6: =ABS(BJ6-BH6) -> 2.6 | BM6: {=INDEX(step2_raw_simulation[AI_TRU3_Reason], (ROW(BM5)-1)*5 + 1)} -> Tài nguyên được sử dụng để cải thiện dịch vụ công là quan trọng, nhưng không chắc chắn liệu những khoản thuế này đã được sử dụng hiệu quả hay chưa. | BN6: =interview_responses[[#This Row],[Lý do - HUMAN-TRU3]] -> Chưa “cảm nhận” được. Không biết tiền đi đâu, về đâu, làm gì. Vẫn thấy được nguồn thu được sử dụng nhưng vấn đề là chưa rõ ràng, chưa thấy hiệu quả, minh bạch. | BO6: =AVERAGE( INDEX(step2_raw_simulation!AT:AT, (ROW(AX5)-1)*5 + 2) : INDEX(step2_raw_simulation!AT:AT, (ROW(AX5)-1)*5 + 6) ) -> 7.8 | BP6: =IF(AND(BO6>=1,BO6<5),"Oppose",IF(AND(BO6>=5,BO6<8),"Neutral",IF(AND(BO6>=8,BO6<=10),"Support",""))) -> Neutral | BQ6: =interview_responses[[#This Row],[Tôi thấy Nhà nước đã giải thích rõ ràng, minh bạch về lý do và mục tiêu của việc sửa đổi thuế lần này. - HUMAN-TRU4]] -> 8 | BR6: =IF(AND(BQ6>=1,BQ6<5),"Oppose",IF(AND(BQ6>=5,BQ6<8),"Neutral",IF(AND(BQ6>=8,BQ6<=10),"Support",""))) -> Support | BS6: =ABS(BQ6-BO6) -> 0.2 | BT6: {=INDEX(step2_raw_simulation[AI_TRU4_Reason], (ROW(BT5)-1)*5 + 1)} -> Nhận thức về mục tiêu của chính sách mới đang dần cải thiện thông qua các truyền thông, nhưng vẫn còn nhiều người đa nghi về việc thực thi. | BU6: =interview_responses[[#This Row],[Lý do - HUMAN-TRU4]] -> Đọc nhiều tin bài, hội thảo, truyền thông tốt, giải thích dễ hiểu. | BV6: =AVERAGE( INDEX(step2_raw_simulation!AY:AY, (ROW(BE5)-1)*5 + 2) : INDEX(step2_raw_simulation!AY:AY, (ROW(BE5)-1)*5 + 6) ) -> 8.6 | BW6: =IF(AND(BV6>=1,BV6<5),"Oppose",IF(AND(BV6>=5,BV6<8),"Neutral",IF(AND(BV6>=8,BV6<=10),"Support",""))) -> Support | BX6: =interview_responses[[#This Row],[Sau khi xem xét các quyền lợi và nghĩa vụ, bạn có ủng hộ và tuân thủ chính sách mới hiện nay? - HUMAN-OUT1]] -> 8 | BY6: =IF(AND(BX6>=1,BX6<5),"Oppose",IF(AND(BX6>=5,BX6<8),"Neutral",IF(AND(BX6>=8,BX6<=10),"Support",""))) -> Support | BZ6: =ABS(BX6-BV6) -> 0.6 | CA6: {=INDEX(step2_raw_simulation[AI_OUT1_Reason], (ROW(CA5)-1)*5 + 1)} -> Tổng thể, tôi thấy mức thuế mới hợp lý và sẽ tuân thủ vì lợi ích tài chính rõ ràng, mặc dù có lo ngại về việc quản lý nguồn thu từ các khoản thuế. | CB6: =interview_responses[[#This Row],[Lý do - HUMAN-OUT1]] -> Buộc phải tuân thủ nhưng kỳ vọng có chính sách bao trùm hơn. Chính sách mới có những nỗ lực điều chỉnh tích cực hơn nhưng vẫn chưa hướng tới được những người có thu nhập đáng lẽ chịu thuế phải tự động khai báo thay vì phải đi thanh tra, xử phạt. Phải có cơ chế thưởng phạt. Hiện tại chỉ dừng lại ở phạt, chưa có chính sách khuyến khích.
A7: {=INDEX(step2_raw_simulation[Persona_ID], (ROW(A6)-1)*5 + 1)} -> 6 | B7: {=INDEX(step2_raw_simulation[Run_ID], (ROW(B6)-1)*5 + 1)} -> 1 | C7: {=INDEX(step2_raw_simulation[Used_Seed], (ROW(C6)-1)*5 + 1)} -> 543 | D7: {=INDEX(step2_raw_simulation[Gender], (ROW(D6)-1)*5 + 1)} -> Nam | E7: =interview_responses[[#This Row],[Giới tính của bạn:]] -> Nam | F7: {=INDEX(step2_raw_simulation[Age], (ROW(F6)-1)*5 + 1)} -> 40 - 49 | G7: =interview_responses[[#This Row],[Độ tuổi của bạn:]] -> 40 - 49 | H7: {=INDEX(step2_raw_simulation[Region], (ROW(H6)-1)*5 + 1)} -> Thành thị | I7: =interview_responses[[#This Row],[Khu vực bạn đang sinh sống:]] -> Thành thị | J7: {=INDEX(step2_raw_simulation[Education], (ROW(J6)-1)*5 + 1)} -> Sau Đại học | K7: =interview_responses[[#This Row],[Trình độ học vấn cao nhất:]] -> Sau Đại học | L7: {=INDEX(step2_raw_simulation[Employment], (ROW(L6)-1)*5 + 1)} -> Phi chính thức | M7: =interview_responses[[#This Row],[Tình trạng việc làm chính:]] -> Khu vực phi chính thức (Lao động tự do, không có HĐLĐ) | N7: {=INDEX(step2_raw_simulation[Income_Mil], (ROW(N6)-1)*5 + 1)} -> 40 | O7: =interview_responses[[#This Row],[Thu nhập bình quân tháng theo Hợp đồng lao động của bạn là bao nhiêu? (Vui lòng điền tổng thu nhập trước khi khấu trừ các loại Bảo hiểm (BHXH, BHYT, BHTN) và Thuế TNCN)]] -> Từ 32 - 48 triệu VNĐ | P7: {=INDEX(step2_raw_simulation[Dependents], (ROW(P6)-1)*5 + 1)} -> 3 | Q7: =interview_responses[[#This Row],[Số người phụ thuộc (con nhỏ, cha mẹ già...) đủ điều kiện giảm trừ gia cảnh:]] -> 3 người | R7: =AVERAGE( INDEX(step2_raw_simulation!K:K, (ROW(A6)-1)*5 + 2) : INDEX(step2_raw_simulation!K:K, (ROW(A6)-1)*5 + 6) ) -> 4.6 | S7: =IF(AND(R7>=1,R7<5),"Oppose",IF(AND(R7>=5,R7<8),"Neutral",IF(AND(R7>=8,R7<=10),"Support",""))) -> Oppose | T7: =interview_responses[[#This Row],[Tôi tin rằng với các quy định quản lý thuế hiện nay, hành vi gian lận hoặc trốn thuế sẽ dễ dàng bị phát hiện và xử lý nghiêm. - HUMAN-ENF1]] -> 6 | U7: =IF(AND(T7>=1,T7<5),"Oppose",IF(AND(T7>=5,T7<8),"Neutral",IF(AND(T7>=8,T7<=10),"Support",""))) -> Neutral | V7: =ABS(T7-R7) -> 1.4 | W7: {=INDEX(step2_raw_simulation[AI_ENF1_Reason], (ROW(W6)-1)*5 + 1)} -> Tôi vẫn lo ngại về khả năng phát hiện hành vi trốn thuế do sự phức tạp và nhũng nhiễu trong việc thực thi. Mặc dù có công nghệ hỗ trợ, nhưng quyền lợi nhóm vẫn có thể gây ra nhiều vấn đề. | X7: =interview_responses[[#This Row],[Lý do - HUMAN-ENF1]] -> Bậc thuế và mức thuế này vẫn là quá cao, làm giảm động lực làm việc và tăng khả năng gian lận. Sự thay đổi không nhiều so với trước đây với những người có thu nhập cao. | Y7: =AVERAGE( INDEX(step2_raw_simulation!P:P, (ROW(H6)-1)*5 + 2) : INDEX(step2_raw_simulation!P:P, (ROW(H6)-1)*5 + 6) ) -> 4.8 | Z7: =IF(AND(Y7>=1,Y7<5),"Oppose",IF(AND(Y7>=5,Y7<8),"Neutral",IF(AND(Y7>=8,Y7<=10),"Support",""))) -> Oppose | AA7: =interview_responses[[#This Row],[Tôi tin rằng Nhà nước, cơ quan thuế có đủ khả năng và công nghệ để phát hiện, xử lý nghiêm các hành vi trốn thuế. - HUMAN-ENF2]] -> 7 | AB7: =IF(AND(AA7>=1,AA7<5),"Oppose",IF(AND(AA7>=5,AA7<8),"Neutral",IF(AND(AA7>=8,AA7<=10),"Support",""))) -> Neutral | AC7: =ABS(AA7-Y7) -> 2.2 | AD7: {=INDEX(step2_raw_simulation[AI_ENF2_Reason], (ROW(AD6)-1)*5 + 1)} -> Cơ quan thuế cần tăng cường hơn nữa để giảm thiểu hành vi trốn thuế và gian lận. Tuy nhiên, việc cải thiện hệ thống quản lý thuế là hướng đi đúng. | AE7: =interview_responses[[#This Row],[Lý do - HUMAN-ENF2]] -> Nếu áp dụng công nghệ thì việc thực thi sẽ dễ dàng, không khó khăn. Tuy nhiên, trong quá trình thực thi, bằng nhiều cách thức, đối tượng có thể thoát được thuế, đặc biệt thông qua lạm dụng quyền và lợi ích nhóm, trong đó có lao động ở các cơ quan nhà nước có khả năng tự ra luật để mình được đặc quyền. | AF7: =AVERAGE( INDEX(step2_raw_simulation!U:U, (ROW(O6)-1)*5 + 2) : INDEX(step2_raw_simulation!U:U, (ROW(O6)-1)*5 + 6) ) -> 6.6 | AG7: =IF(AND(AF7>=1,AF7<5),"Oppose",IF(AND(AF7>=5,AF7<8),"Neutral",IF(AND(AF7>=8,AF7<=10),"Support",""))) -> Neutral | AH7: =interview_responses[[#This Row],[Các thủ tục khai báo thuế VÀ/HOẶC quy trình làm việc với cơ quan thuế đơn giản, tiện lợi, nhanh chóng hơn so với trước đây. - HUMAN-FAC1]] -> 5 | AI7: =IF(AND(AH7>=1,AH7<5),"Oppose",IF(AND(AH7>=5,AH7<8),"Neutral",IF(AND(AH7>=8,AH7<=10),"Support",""))) -> Neutral | AJ7: =ABS(AH7-AF7) -> 1.6 | AK7: {=INDEX(step2_raw_simulation[AI_FAC1_Reason], (ROW(AK6)-1)*5 + 1)} -> Quy trình khai báo thuế trở nên đơn giản hơn, nhưng vẫn cần thêm thời gian để người dân quen với các thay đổi mới. | AL7: =interview_responses[[#This Row],[Lý do - HUMAN-FAC1]] -> Tôi thấy cơ quan thuế Quận 7 thật tệ. Ngoài ra, đang trong quá trình chuyển đổi, sáp nhập nên khâu thực thi, hỗ trợ người dân gặp nhiều khó khăn. Và còn có nhiều vấn đề tiêu cực, nhũng nhiễu, gây khó khăn cho người dân. Tuy nhiên, đây là trải nghiệm cá nhân ở một cơ quan, chưa thể đánh giá toàn bộ hệ thống nên nếu chấm điểm quá thấp thì sẽ không công bằng. Vì thế cho điểm trung bình. | AM7: =AVERAGE( INDEX(step2_raw_simulation!Z:Z, (ROW(V6)-1)*5 + 2) : INDEX(step2_raw_simulation!Z:Z, (ROW(V6)-1)*5 + 6) ) -> 7.8 | AN7: =IF(AND(AM7>=1,AM7<5),"Oppose",IF(AND(AM7>=5,AM7<8),"Neutral",IF(AND(AM7>=8,AM7<=10),"Support",""))) -> Neutral | AO7: =interview_responses[[#This Row],[So với trước đây, tôi thấy cách tính thuế và các bậc thuế trong phương án mới đơn giản, dễ hiểu và dễ thực hiện hơn. - HUMAN-FAC2]] -> 8 | AP7: =IF(AND(AO7>=1,AO7<5),"Oppose",IF(AND(AO7>=5,AO7<8),"Neutral",IF(AND(AO7>=8,AO7<=10),"Support",""))) -> Support | AQ7: =ABS(AO7-AM7) -> 0.2 | AR7: {=INDEX(step2_raw_simulation[AI_FAC2_Reason], (ROW(AR6)-1)*5 + 1)} -> Bậc thuế ít hơn và giảm trừ gia cảnh cao hơn giúp việc tính toán thuế dễ dàng hơn, phù hợp với trình độ hiểu biết của tôi. | AS7: =interview_responses[[#This Row],[Lý do - HUMAN-FAC2]] -> Đồng ý khi có sự thay đổi tốt hơn. | AT7: =AVERAGE( INDEX(step2_raw_simulation!AE:AE, (ROW(AC6)-1)*5 + 2) : INDEX(step2_raw_simulation!AE:AE, (ROW(AC6)-1)*5 + 6) ) -> 5.2 | AU7: =IF(AND(AT7>=1,AT7<5),"Oppose",IF(AND(AT7>=5,AT7<8),"Neutral",IF(AND(AT7>=8,AT7<=10),"Support",""))) -> Neutral | AV7: =interview_responses[[#This Row],[Tôi tin rằng Nhà nước, cơ quan thuế sẽ thực thi chính sách mới một cách khách quan, công tâm và đối xử bình đẳng với mọi người nộp thuế. - HUMAN-TRU1]] -> 6 | AW7: =IF(AND(AV7>=1,AV7<5),"Oppose",IF(AND(AV7>=5,AV7<8),"Neutral",IF(AND(AV7>=8,AV7<=10),"Support",""))) -> Neutral | AX7: =ABS(AV7-AT7) -> 0.8 | AY7: {=INDEX(step2_raw_simulation[AI_TRU1_Reason], (ROW(AY6)-1)*5 + 1)} -> Tôi hy vọng rằng Nhà nước sẽ thực thi chính sách một cách công bằng, nhưng vẫn lo ngại về sự tham nhũng và lợi ích nhóm. | AZ7: =interview_responses[[#This Row],[Lý do - HUMAN-TRU1]] -> Cái này là hy vọng thôi chứ trong giai đoạn nhiều chuyển đổi này thì tôi lo là sẽ nhiều khó khăn và phúc tạp ngoài mong đợi. Vẫn phải chờ đợi thêm. | BA7: =AVERAGE( INDEX(step2_raw_simulation!AJ:AJ, (ROW(AJ6)-1)*5 + 2) : INDEX(step2_raw_simulation!AJ:AJ, (ROW(AJ6)-1)*5 + 6) ) -> 5.6 | BB7: =IF(AND(BA7>=1,BA7<5),"Oppose",IF(AND(BA7>=5,BA7<8),"Neutral",IF(AND(BA7>=8,BA7<=10),"Support",""))) -> Neutral | BC7: =interview_responses[[#This Row],[Tôi thấy mức thuế tôi phải đóng theo phương án mới là công bằng (người thu nhập như tôi đóng mức này là hợp lý). - HUMAN-TRU2]] -> 3 | BD7: =IF(AND(BC7>=1,BC7<5),"Oppose",IF(AND(BC7>=5,BC7<8),"Neutral",IF(AND(BC7>=8,BC7<=10),"Support",""))) -> Oppose | BE7: =ABS(BC7-BA7) -> 2.6 | BF7: {=INDEX(step2_raw_simulation[AI_TRU2_Reason], (ROW(BF6)-1)*5 + 1)} -> Mức thuế mới có thể hợp lý hơn so với trước đây, nhưng tôi vẫn lo ngại rằng nó chưa phản ánh đúng thực tế chi phí sống của người dân ở thành thị. | BG7: =interview_responses[[#This Row],[Lý do - HUMAN-TRU2]] -> Mức và biểu thuế hiện vẫn quá cao, làm giảm động lực làm việc, đặc biệt của tầng lớp trung lưu, không phản ánh đúng với thực tế, mức sống của người dân. Ngoài ra, không phản ánh đúng theo từng vùng. Người dân ở các thành phố lớn có chi phí sống cao hơn nhưng vẫn phải đóng thuế giống với người dân ở các vùng có chi phí sống thấp hơn. | BH7: =AVERAGE( INDEX(step2_raw_simulation!AO:AO, (ROW(AQ6)-1)*5 + 2) : INDEX(step2_raw_simulation!AO:AO, (ROW(AQ6)-1)*5 + 6) ) -> 5.2 | BI7: =IF(AND(BH7>=1,BH7<5),"Oppose",IF(AND(BH7>=5,BH7<8),"Neutral",IF(AND(BH7>=8,BH7<=10),"Support",""))) -> Neutral | BJ7: =interview_responses[[#This Row],[Tôi tin tưởng số tiền thuế tôi đóng sẽ được Nhà nước sử dụng hiệu quả để cải thiện dịch vụ công (y tế, đường xá...). - HUMAN-TRU3]] -> 5 | BK7: =IF(AND(BJ7>=1,BJ7<5),"Oppose",IF(AND(BJ7>=5,BJ7<8),"Neutral",IF(AND(BJ7>=8,BJ7<=10),"Support",""))) -> Neutral | BL7: =ABS(BJ7-BH7) -> 0.2 | BM7: {=INDEX(step2_raw_simulation[AI_TRU3_Reason], (ROW(BM6)-1)*5 + 1)} -> Tôi tin tưởng rằng số tiền thuế đóng sẽ được sử dụng hiệu quả cho các dịch vụ công, nhưng có thể chưa tận dụng tối đa do tham nhũng và lãng phí tài chính. | BN7: =interview_responses[[#This Row],[Lý do - HUMAN-TRU3]] -> Tôi lo ngại về hiệu quả đầu tư công của Việt Nam từ xưa đến nay. Có những trải nghiệm không tốt, tiêu cực về các dự án, tài sản công bị thất thoát, lãng phí, tham nhũng. Người dân cũng không được tham gia phản biện vào các dự án lớn và không biết đồng thuế có sử dụng hiệu quả, đúng mục đích hay không. Tuy nhiên, so với các nước kém phát triển, nghèo đói khác thì vẫn có tín hiệu tích cực, tiền thuế vẫn được sử dụng chứ không quá tồi tệ. Sống thì buộc phải hy vọng thôi. | BO7: =AVERAGE( INDEX(step2_raw_simulation!AT:AT, (ROW(AX6)-1)*5 + 2) : INDEX(step2_raw_simulation!AT:AT, (ROW(AX6)-1)*5 + 6) ) -> 5.6 | BP7: =IF(AND(BO7>=1,BO7<5),"Oppose",IF(AND(BO7>=5,BO7<8),"Neutral",IF(AND(BO7>=8,BO7<=10),"Support",""))) -> Neutral | BQ7: =interview_responses[[#This Row],[Tôi thấy Nhà nước đã giải thích rõ ràng, minh bạch về lý do và mục tiêu của việc sửa đổi thuế lần này. - HUMAN-TRU4]] -> 5 | BR7: =IF(AND(BQ7>=1,BQ7<5),"Oppose",IF(AND(BQ7>=5,BQ7<8),"Neutral",IF(AND(BQ7>=8,BQ7<=10),"Support",""))) -> Neutral | BS7: =ABS(BQ7-BO7) -> 0.6 | BT7: {=INDEX(step2_raw_simulation[AI_TRU4_Reason], (ROW(BT6)-1)*5 + 1)} -> Các giải thích về mục tiêu cải cách thuế còn hạn chế, nên tôi không cảm thấy rằng mình đã hiểu đầy đủ. | BU7: =interview_responses[[#This Row],[Lý do - HUMAN-TRU4]] -> Có ai hỏi tôi về cải cách thuế này đâu. Vấn đề truyền thông còn hạn chế nên cho điểm trung bình. | BV7: =AVERAGE( INDEX(step2_raw_simulation!AY:AY, (ROW(BE6)-1)*5 + 2) : INDEX(step2_raw_simulation!AY:AY, (ROW(BE6)-1)*5 + 6) ) -> 6.4 | BW7: =IF(AND(BV7>=1,BV7<5),"Oppose",IF(AND(BV7>=5,BV7<8),"Neutral",IF(AND(BV7>=8,BV7<=10),"Support",""))) -> Neutral | BX7: =interview_responses[[#This Row],[Sau khi xem xét các quyền lợi và nghĩa vụ, bạn có ủng hộ và tuân thủ chính sách mới hiện nay? - HUMAN-OUT1]] -> 6 | BY7: =IF(AND(BX7>=1,BX7<5),"Oppose",IF(AND(BX7>=5,BX7<8),"Neutral",IF(AND(BX7>=8,BX7<=10),"Support",""))) -> Neutral | BZ7: =ABS(BX7-BV7) -> 0.4 | CA7: {=INDEX(step2_raw_simulation[AI_OUT1_Reason], (ROW(CA6)-1)*5 + 1)} -> Sau khi xem xét tất cả các yếu tố, tôi sẽ tuân thủ chính sách mới, nhưng hy vọng rằng nó sẽ mang lại những thay đổi tích cực cho người dân và nền kinh tế. | CB7: =interview_responses[[#This Row],[Lý do - HUMAN-OUT1]] -> Tôi không ủng hộ lắm nhưng sẽ tuân thủ. Trừ 2 điểm thiết kế và trừ 2 điểm thực thi.
A8: {=INDEX(step2_raw_simulation[Persona_ID], (ROW(A7)-1)*5 + 1)} -> 7 | B8: {=INDEX(step2_raw_simulation[Run_ID], (ROW(B7)-1)*5 + 1)} -> 1 | C8: {=INDEX(step2_raw_simulation[Used_Seed], (ROW(C7)-1)*5 + 1)} -> 643 | D8: {=INDEX(step2_raw_simulation[Gender], (ROW(D7)-1)*5 + 1)} -> Nữ | E8: =interview_responses[[#This Row],[Giới tính của bạn:]] -> Nữ | F8: {=INDEX(step2_raw_simulation[Age], (ROW(F7)-1)*5 + 1)} -> 40 - 49 | G8: =interview_responses[[#This Row],[Độ tuổi của bạn:]] -> 40 - 49 | H8: {=INDEX(step2_raw_simulation[Region], (ROW(H7)-1)*5 + 1)} -> Thành thị | I8: =interview_responses[[#This Row],[Khu vực bạn đang sinh sống:]] -> Thành thị | J8: {=INDEX(step2_raw_simulation[Education], (ROW(J7)-1)*5 + 1)} -> Sau Đại học | K8: =interview_responses[[#This Row],[Trình độ học vấn cao nhất:]] -> Sau Đại học | L8: {=INDEX(step2_raw_simulation[Employment], (ROW(L7)-1)*5 + 1)} -> Chính thức | M8: =interview_responses[[#This Row],[Tình trạng việc làm chính:]] -> Khu vực chính thức (Có Hợp đồng lao động, đóng BHXH) | N8: {=INDEX(step2_raw_simulation[Income_Mil], (ROW(N7)-1)*5 + 1)} -> 40 | O8: =interview_responses[[#This Row],[Thu nhập bình quân tháng theo Hợp đồng lao động của bạn là bao nhiêu? (Vui lòng điền tổng thu nhập trước khi khấu trừ các loại Bảo hiểm (BHXH, BHYT, BHTN) và Thuế TNCN)]] -> Từ 32 - 48 triệu VNĐ | P8: {=INDEX(step2_raw_simulation[Dependents], (ROW(P7)-1)*5 + 1)} -> 2 | Q8: =interview_responses[[#This Row],[Số người phụ thuộc (con nhỏ, cha mẹ già...) đủ điều kiện giảm trừ gia cảnh:]] -> 2 người | R8: =AVERAGE( INDEX(step2_raw_simulation!K:K, (ROW(A7)-1)*5 + 2) : INDEX(step2_raw_simulation!K:K, (ROW(A7)-1)*5 + 6) ) -> 6.4 | S8: =IF(AND(R8>=1,R8<5),"Oppose",IF(AND(R8>=5,R8<8),"Neutral",IF(AND(R8>=8,R8<=10),"Support",""))) -> Neutral | T8: =interview_responses[[#This Row],[Tôi tin rằng với các quy định quản lý thuế hiện nay, hành vi gian lận hoặc trốn thuế sẽ dễ dàng bị phát hiện và xử lý nghiêm. - HUMAN-ENF1]] -> 6 | U8: =IF(AND(T8>=1,T8<5),"Oppose",IF(AND(T8>=5,T8<8),"Neutral",IF(AND(T8>=8,T8<=10),"Support",""))) -> Neutral | V8: =ABS(T8-R8) -> 0.4 | W8: {=INDEX(step2_raw_simulation[AI_ENF1_Reason], (ROW(W7)-1)*5 + 1)} -> Công nghệ ngày càng phát triển, nhưng việc thực thi thuế vẫn phụ thuộc vào khả năng kiểm soát thu nhập của cá nhân và tổ chức. Việc tăng mức giảm trừ gia cảnh có thể làm giảm cơ hội phát hiện trốn thuế. | X8: =interview_responses[[#This Row],[Lý do - HUMAN-ENF1]] -> Cần thêm thu nhập của tổ chức/cá nhân chịu thuế phải rõ ràng, minh bạch. Để phát hiện được hành vi gian lận, trốn thuế thì phải đi từ đầu vào là đo kiểm được thu nhập của tổ chức/cá nhân - nó giải thích cho niềm tin không cao vì lý do này. | Y8: =AVERAGE( INDEX(step2_raw_simulation!P:P, (ROW(H7)-1)*5 + 2) : INDEX(step2_raw_simulation!P:P, (ROW(H7)-1)*5 + 6) ) -> 6.2 | Z8: =IF(AND(Y8>=1,Y8<5),"Oppose",IF(AND(Y8>=5,Y8<8),"Neutral",IF(AND(Y8>=8,Y8<=10),"Support",""))) -> Neutral | AA8: =interview_responses[[#This Row],[Tôi tin rằng Nhà nước, cơ quan thuế có đủ khả năng và công nghệ để phát hiện, xử lý nghiêm các hành vi trốn thuế. - HUMAN-ENF2]] -> 7 | AB8: =IF(AND(AA8>=1,AA8<5),"Oppose",IF(AND(AA8>=5,AA8<8),"Neutral",IF(AND(AA8>=8,AA8<=10),"Support",""))) -> Neutral | AC8: =ABS(AA8-Y8) -> 0.8 | AD8: {=INDEX(step2_raw_simulation[AI_ENF2_Reason], (ROW(AD7)-1)*5 + 1)} -> Việc cải cách thuế có thể giúp cải thiện khả năng phát hiện trốn thuế, nhưng vẫn cần thời gian để thực thi và giám sát hiệu quả. | AE8: =interview_responses[[#This Row],[Lý do - HUMAN-ENF2]] -> Tôi chỉ nhận định chủ quan trên cơ sở nhà nước đã thu được thuế gia tăng trong thời gian gần đây | AF8: =AVERAGE( INDEX(step2_raw_simulation!U:U, (ROW(O7)-1)*5 + 2) : INDEX(step2_raw_simulation!U:U, (ROW(O7)-1)*5 + 6) ) -> 8.4 | AG8: =IF(AND(AF8>=1,AF8<5),"Oppose",IF(AND(AF8>=5,AF8<8),"Neutral",IF(AND(AF8>=8,AF8<=10),"Support",""))) -> Support | AH8: =interview_responses[[#This Row],[Các thủ tục khai báo thuế VÀ/HOẶC quy trình làm việc với cơ quan thuế đơn giản, tiện lợi, nhanh chóng hơn so với trước đây. - HUMAN-FAC1]] -> 7 | AI8: =IF(AND(AH8>=1,AH8<5),"Oppose",IF(AND(AH8>=5,AH8<8),"Neutral",IF(AND(AH8>=8,AH8<=10),"Support",""))) -> Neutral | AJ8: =ABS(AH8-AF8) -> 1.4 | AK8: {=INDEX(step2_raw_simulation[AI_FAC1_Reason], (ROW(AK7)-1)*5 + 1)} -> Thủ tục đơn giản hơn đã làm cho việc khai báo thuế dễ dàng hơn. Điều này cũng giúp giảm áp lực cho người nộp thuế, đặc biệt là đối với những người không chuyên về lĩnh vực này. | AL8: =interview_responses[[#This Row],[Lý do - HUMAN-FAC1]] -> Thủ tục hoàn thuế đơn giản hơn | AM8: =AVERAGE( INDEX(step2_raw_simulation!Z:Z, (ROW(V7)-1)*5 + 2) : INDEX(step2_raw_simulation!Z:Z, (ROW(V7)-1)*5 + 6) ) -> 8.8 | AN8: =IF(AND(AM8>=1,AM8<5),"Oppose",IF(AND(AM8>=5,AM8<8),"Neutral",IF(AND(AM8>=8,AM8<=10),"Support",""))) -> Support | AO8: =interview_responses[[#This Row],[So với trước đây, tôi thấy cách tính thuế và các bậc thuế trong phương án mới đơn giản, dễ hiểu và dễ thực hiện hơn. - HUMAN-FAC2]] -> 7 | AP8: =IF(AND(AO8>=1,AO8<5),"Oppose",IF(AND(AO8>=5,AO8<8),"Neutral",IF(AND(AO8>=8,AO8<=10),"Support",""))) -> Neutral | AQ8: =ABS(AO8-AM8) -> 1.8 | AR8: {=INDEX(step2_raw_simulation[AI_FAC2_Reason], (ROW(AR7)-1)*5 + 1)} -> Biểu thuế mới đơn giản hóa quy trình tính thuế và làm rõ các bậc thuế suất, điều này giúp người dân hiểu và thực hiện dễ dàng hơn. | AS8: =interview_responses[[#This Row],[Lý do - HUMAN-FAC2]] -> Đối với cá nhân tôi thi tôi cảm thấy có đơn giản hơn, tuy nhiên với tổ chức khi phải hỗ trợ ưu đãi thuế cho những cá nhân thuộc đối tượng miễn giảm (nhà khoa hoc, nghiên cứu,...) thì vẫn còn sự phức tạp trong kê khai (thông tin này được nghe phản ánh lại từ bộ phận hỗ trợ thuế) | AT8: =AVERAGE( INDEX(step2_raw_simulation!AE:AE, (ROW(AC7)-1)*5 + 2) : INDEX(step2_raw_simulation!AE:AE, (ROW(AC7)-1)*5 + 6) ) -> 7.2 | AU8: =IF(AND(AT8>=1,AT8<5),"Oppose",IF(AND(AT8>=5,AT8<8),"Neutral",IF(AND(AT8>=8,AT8<=10),"Support",""))) -> Neutral | AV8: =interview_responses[[#This Row],[Tôi tin rằng Nhà nước, cơ quan thuế sẽ thực thi chính sách mới một cách khách quan, công tâm và đối xử bình đẳng với mọi người nộp thuế. - HUMAN-TRU1]] -> 8 | AW8: =IF(AND(AV8>=1,AV8<5),"Oppose",IF(AND(AV8>=5,AV8<8),"Neutral",IF(AND(AV8>=8,AV8<=10),"Support",""))) -> Support | AX8: =ABS(AV8-AT8) -> 0.8 | AY8: {=INDEX(step2_raw_simulation[AI_TRU1_Reason], (ROW(AY7)-1)*5 + 1)} -> Nhà nước đã cải cách để đảm bảo công bằng trong việc đánh thuế. Tuy nhiên, mức giảm trừ gia cảnh tăng lên có thể làm giảm sự phức tạp cho người nộp thuế. | AZ8: =interview_responses[[#This Row],[Lý do - HUMAN-TRU1]] -> Niềm tin cá nhân đối với chính sách của nhà nước | BA8: =AVERAGE( INDEX(step2_raw_simulation!AJ:AJ, (ROW(AJ7)-1)*5 + 2) : INDEX(step2_raw_simulation!AJ:AJ, (ROW(AJ7)-1)*5 + 6) ) -> 8.2 | BB8: =IF(AND(BA8>=1,BA8<5),"Oppose",IF(AND(BA8>=5,BA8<8),"Neutral",IF(AND(BA8>=8,BA8<=10),"Support",""))) -> Support | BC8: =interview_responses[[#This Row],[Tôi thấy mức thuế tôi phải đóng theo phương án mới là công bằng (người thu nhập như tôi đóng mức này là hợp lý). - HUMAN-TRU2]] -> 5 | BD8: =IF(AND(BC8>=1,BC8<5),"Oppose",IF(AND(BC8>=5,BC8<8),"Neutral",IF(AND(BC8>=8,BC8<=10),"Support",""))) -> Neutral | BE8: =ABS(BC8-BA8) -> 3.2 | BF8: {=INDEX(step2_raw_simulation[AI_TRU2_Reason], (ROW(BF7)-1)*5 + 1)} -> Mức thuế mới theo phương án này tôi thấy là hợp lý và công bằng. Nó giảm gánh nặng tài chính cho tôi mà vẫn đảm bảo việc đóng góp của tôi vào ngân sách nhà nước. | BG8: =interview_responses[[#This Row],[Lý do - HUMAN-TRU2]] -> Mức giảm trừ gia cảnh nên được điều chỉnh theo khu vực sinh sống, phù hợp hơn với thực tế. | BH8: =AVERAGE( INDEX(step2_raw_simulation!AO:AO, (ROW(AQ7)-1)*5 + 2) : INDEX(step2_raw_simulation!AO:AO, (ROW(AQ7)-1)*5 + 6) ) -> 7.6 | BI8: =IF(AND(BH8>=1,BH8<5),"Oppose",IF(AND(BH8>=5,BH8<8),"Neutral",IF(AND(BH8>=8,BH8<=10),"Support",""))) -> Neutral | BJ8: =interview_responses[[#This Row],[Tôi tin tưởng số tiền thuế tôi đóng sẽ được Nhà nước sử dụng hiệu quả để cải thiện dịch vụ công (y tế, đường xá...). - HUMAN-TRU3]] -> 5 | BK8: =IF(AND(BJ8>=1,BJ8<5),"Oppose",IF(AND(BJ8>=5,BJ8<8),"Neutral",IF(AND(BJ8>=8,BJ8<=10),"Support",""))) -> Neutral | BL8: =ABS(BJ8-BH8) -> 2.6 | BM8: {=INDEX(step2_raw_simulation[AI_TRU3_Reason], (ROW(BM7)-1)*5 + 1)} -> Tiết kiệm được nhiều tiền thuế có thể giúp cải thiện chất lượng dịch vụ công, nhưng cần giám sát chặt chẽ để đảm bảo số tiền này được sử dụng hiệu quả. | BN8: =interview_responses[[#This Row],[Lý do - HUMAN-TRU3]] -> Nhà nước cần công khai minh bạch dữ liệu thu thuế và đầu tư công tùy theo thẩm quyền quản lý để người dân được biết và giám sát theo quy định pháp luật. Thường thì chọn trung bình là mức trung tính trong những vấn đề còn băn khoăn | BO8: =AVERAGE( INDEX(step2_raw_simulation!AT:AT, (ROW(AX7)-1)*5 + 2) : INDEX(step2_raw_simulation!AT:AT, (ROW(AX7)-1)*5 + 6) ) -> 7 | BP8: =IF(AND(BO8>=1,BO8<5),"Oppose",IF(AND(BO8>=5,BO8<8),"Neutral",IF(AND(BO8>=8,BO8<=10),"Support",""))) -> Neutral | BQ8: =interview_responses[[#This Row],[Tôi thấy Nhà nước đã giải thích rõ ràng, minh bạch về lý do và mục tiêu của việc sửa đổi thuế lần này. - HUMAN-TRU4]] -> 7 | BR8: =IF(AND(BQ8>=1,BQ8<5),"Oppose",IF(AND(BQ8>=5,BQ8<8),"Neutral",IF(AND(BQ8>=8,BQ8<=10),"Support",""))) -> Neutral | BS8: =ABS(BQ8-BO8) -> 0 | BT8: {=INDEX(step2_raw_simulation[AI_TRU4_Reason], (ROW(BT7)-1)*5 + 1)} -> Nhà nước đã giải thích rõ ràng về mục tiêu và lý do của việc cải cách thuế. Tuy nhiên, tôi vẫn mong muốn có thêm thông tin minh bạch hơn về việc sử dụng số tiền thuế. | BU8: =interview_responses[[#This Row],[Lý do - HUMAN-TRU4]] -> Cảm nhận cá nhân. Cảm thấy truyền thông về thuế TNCN trong thời gian qua có tốt hơn. | BV8: =AVERAGE( INDEX(step2_raw_simulation!AY:AY, (ROW(BE7)-1)*5 + 2) : INDEX(step2_raw_simulation!AY:AY, (ROW(BE7)-1)*5 + 6) ) -> 8.8 | BW8: =IF(AND(BV8>=1,BV8<5),"Oppose",IF(AND(BV8>=5,BV8<8),"Neutral",IF(AND(BV8>=8,BV8<=10),"Support",""))) -> Support | BX8: =interview_responses[[#This Row],[Sau khi xem xét các quyền lợi và nghĩa vụ, bạn có ủng hộ và tuân thủ chính sách mới hiện nay? - HUMAN-OUT1]] -> 8 | BY8: =IF(AND(BX8>=1,BX8<5),"Oppose",IF(AND(BX8>=5,BX8<8),"Neutral",IF(AND(BX8>=8,BX8<=10),"Support",""))) -> Support | BZ8: =ABS(BX8-BV8) -> 0.8 | CA8: {=INDEX(step2_raw_simulation[AI_OUT1_Reason], (ROW(CA7)-1)*5 + 1)} -> Sau khi xem xét tác động tài chính tích cực và sự đơn giản hóa thủ tục, tôi đồng ý ủng hộ chính sách mới. Điều này giúp giảm gánh nặng tài chính cho tôi mà vẫn đảm bảo đóng góp vào ngân sách nhà nước. | CB8: =interview_responses[[#This Row],[Lý do - HUMAN-OUT1]] -> Trách nhiệm công dân nên ủng hộ.
A9: {=INDEX(step2_raw_simulation[Persona_ID], (ROW(A8)-1)*5 + 1)} -> 8 | B9: {=INDEX(step2_raw_simulation[Run_ID], (ROW(B8)-1)*5 + 1)} -> 1 | C9: {=INDEX(step2_raw_simulation[Used_Seed], (ROW(C8)-1)*5 + 1)} -> 743 | D9: {=INDEX(step2_raw_simulation[Gender], (ROW(D8)-1)*5 + 1)} -> Nữ | E9: =interview_responses[[#This Row],[Giới tính của bạn:]] -> Nữ | F9: {=INDEX(step2_raw_simulation[Age], (ROW(F8)-1)*5 + 1)} -> 30 - 39 | G9: =interview_responses[[#This Row],[Độ tuổi của bạn:]] -> 30 - 39 | H9: {=INDEX(step2_raw_simulation[Region], (ROW(H8)-1)*5 + 1)} -> Thành thị | I9: =interview_responses[[#This Row],[Khu vực bạn đang sinh sống:]] -> Thành thị | J9: {=INDEX(step2_raw_simulation[Education], (ROW(J8)-1)*5 + 1)} -> Sau Đại học | K9: =interview_responses[[#This Row],[Trình độ học vấn cao nhất:]] -> Sau Đại học | L9: {=INDEX(step2_raw_simulation[Employment], (ROW(L8)-1)*5 + 1)} -> Chính thức | M9: =interview_responses[[#This Row],[Tình trạng việc làm chính:]] -> Khu vực chính thức (Có Hợp đồng lao động, đóng BHXH) | N9: {=INDEX(step2_raw_simulation[Income_Mil], (ROW(N8)-1)*5 + 1)} -> 120 | O9: =interview_responses[[#This Row],[Thu nhập bình quân tháng theo Hợp đồng lao động của bạn là bao nhiêu? (Vui lòng điền tổng thu nhập trước khi khấu trừ các loại Bảo hiểm (BHXH, BHYT, BHTN) và Thuế TNCN)]] -> Trên 102 triệu VNĐ | P9: {=INDEX(step2_raw_simulation[Dependents], (ROW(P8)-1)*5 + 1)} -> 2 | Q9: =interview_responses[[#This Row],[Số người phụ thuộc (con nhỏ, cha mẹ già...) đủ điều kiện giảm trừ gia cảnh:]] -> 2 người | R9: =AVERAGE( INDEX(step2_raw_simulation!K:K, (ROW(A8)-1)*5 + 2) : INDEX(step2_raw_simulation!K:K, (ROW(A8)-1)*5 + 6) ) -> 7.4 | S9: =IF(AND(R9>=1,R9<5),"Oppose",IF(AND(R9>=5,R9<8),"Neutral",IF(AND(R9>=8,R9<=10),"Support",""))) -> Neutral | T9: =interview_responses[[#This Row],[Tôi tin rằng với các quy định quản lý thuế hiện nay, hành vi gian lận hoặc trốn thuế sẽ dễ dàng bị phát hiện và xử lý nghiêm. - HUMAN-ENF1]] -> 10 | U9: =IF(AND(T9>=1,T9<5),"Oppose",IF(AND(T9>=5,T9<8),"Neutral",IF(AND(T9>=8,T9<=10),"Support",""))) -> Support | V9: =ABS(T9-R9) -> 2.6 | W9: {=INDEX(step2_raw_simulation[AI_ENF1_Reason], (ROW(W8)-1)*5 + 1)} -> Công cụ và phần mềm kiểm soát thuế của cơ quan thuế có thể phát hiện gian lận, nhưng sự thực thi vẫn chưa hoàn hảo. | X9: =interview_responses[[#This Row],[Lý do - HUMAN-ENF1]] -> Hoàn toàn đồng ý. Chính phủ tăng cường kiểm soát giao dịch ngân hàng để minh bạch dòng tiền cá nhân và chống rửa tiền. | Y9: =AVERAGE( INDEX(step2_raw_simulation!P:P, (ROW(H8)-1)*5 + 2) : INDEX(step2_raw_simulation!P:P, (ROW(H8)-1)*5 + 6) ) -> 7.4 | Z9: =IF(AND(Y9>=1,Y9<5),"Oppose",IF(AND(Y9>=5,Y9<8),"Neutral",IF(AND(Y9>=8,Y9<=10),"Support",""))) -> Neutral | AA9: =interview_responses[[#This Row],[Tôi tin rằng Nhà nước, cơ quan thuế có đủ khả năng và công nghệ để phát hiện, xử lý nghiêm các hành vi trốn thuế. - HUMAN-ENF2]] -> 8 | AB9: =IF(AND(AA9>=1,AA9<5),"Oppose",IF(AND(AA9>=5,AA9<8),"Neutral",IF(AND(AA9>=8,AA9<=10),"Support",""))) -> Support | AC9: =ABS(AA9-Y9) -> 0.6 | AD9: {=INDEX(step2_raw_simulation[AI_ENF2_Reason], (ROW(AD8)-1)*5 + 1)} -> Nhà nước có công nghệ để theo dõi giao dịch tài chính cá nhân, giúp phát hiện trốn thuế hiệu quả hơn trước. | AE9: =interview_responses[[#This Row],[Lý do - HUMAN-ENF2]] -> Khi làm việc với cơ quan thuế thì biết rằng cơ quan thuế đang có những công cụ, phần mềm hỗ trợ kiểm tra thuế cũng như truy cập được nhiều nguồn dữ liệu khác nhau. Tuy nhiên, các phần mềm của chính phù hiện nay chưa được tối ưu, một số doanh nghiệp vẫn có cách trốn thuế. | AF9: =AVERAGE( INDEX(step2_raw_simulation!U:U, (ROW(O8)-1)*5 + 2) : INDEX(step2_raw_simulation!U:U, (ROW(O8)-1)*5 + 6) ) -> 5.4 | AG9: =IF(AND(AF9>=1,AF9<5),"Oppose",IF(AND(AF9>=5,AF9<8),"Neutral",IF(AND(AF9>=8,AF9<=10),"Support",""))) -> Neutral | AH9: =interview_responses[[#This Row],[Các thủ tục khai báo thuế VÀ/HOẶC quy trình làm việc với cơ quan thuế đơn giản, tiện lợi, nhanh chóng hơn so với trước đây. - HUMAN-FAC1]] -> 4 | AI9: =IF(AND(AH9>=1,AH9<5),"Oppose",IF(AND(AH9>=5,AH9<8),"Neutral",IF(AND(AH9>=8,AH9<=10),"Support",""))) -> Oppose | AJ9: =ABS(AH9-AF9) -> 1.4 | AK9: {=INDEX(step2_raw_simulation[AI_FAC1_Reason], (ROW(AK8)-1)*5 + 1)} -> Thủ tục khai thuế đơn giản hóa nhưng vẫn gặp vấn đề về lỗi phần mềm và khó khăn trong việc làm thủ tục. | AL9: =interview_responses[[#This Row],[Lý do - HUMAN-FAC1]] -> Hiện tại phần mềm khai thuế vẫn chưa được friendly và hay gặp lỗi, trải nghiệm không tốt. Phải thuê người làm giúp. Gặp vấn đề thì không biết hỏi ai. | AM9: =AVERAGE( INDEX(step2_raw_simulation!Z:Z, (ROW(V8)-1)*5 + 2) : INDEX(step2_raw_simulation!Z:Z, (ROW(V8)-1)*5 + 6) ) -> 7.2 | AN9: =IF(AND(AM9>=1,AM9<5),"Oppose",IF(AND(AM9>=5,AM9<8),"Neutral",IF(AND(AM9>=8,AM9<=10),"Support",""))) -> Neutral | AO9: =interview_responses[[#This Row],[So với trước đây, tôi thấy cách tính thuế và các bậc thuế trong phương án mới đơn giản, dễ hiểu và dễ thực hiện hơn. - HUMAN-FAC2]] -> 7 | AP9: =IF(AND(AO9>=1,AO9<5),"Oppose",IF(AND(AO9>=5,AO9<8),"Neutral",IF(AND(AO9>=8,AO9<=10),"Support",""))) -> Neutral | AQ9: =ABS(AO9-AM9) -> 0.2 | AR9: {=INDEX(step2_raw_simulation[AI_FAC2_Reason], (ROW(AR8)-1)*5 + 1)} -> Biểu thuế mới ít bậc hơn, dễ hiểu hơn so với trước đây, giúp người dân dễ thực hiện hơn. | AS9: =interview_responses[[#This Row],[Lý do - HUMAN-FAC2]] -> 5 bậc sẽ ít hơn 7 bậc tuy nhiên mức giảm trừ gia cảnh chưa hợp lý, chưa sát với thực tế. Chưa phản ánh những vấn đề như nuôi con, vay tiền mua nhà, vay ngân hàng. | AT9: =AVERAGE( INDEX(step2_raw_simulation!AE:AE, (ROW(AC8)-1)*5 + 2) : INDEX(step2_raw_simulation!AE:AE, (ROW(AC8)-1)*5 + 6) ) -> 4.6 | AU9: =IF(AND(AT9>=1,AT9<5),"Oppose",IF(AND(AT9>=5,AT9<8),"Neutral",IF(AND(AT9>=8,AT9<=10),"Support",""))) -> Oppose | AV9: =interview_responses[[#This Row],[Tôi tin rằng Nhà nước, cơ quan thuế sẽ thực thi chính sách mới một cách khách quan, công tâm và đối xử bình đẳng với mọi người nộp thuế. - HUMAN-TRU1]] -> 5 | AW9: =IF(AND(AV9>=1,AV9<5),"Oppose",IF(AND(AV9>=5,AV9<8),"Neutral",IF(AND(AV9>=8,AV9<=10),"Support",""))) -> Neutral | AX9: =ABS(AV9-AT9) -> 0.4 | AY9: {=INDEX(step2_raw_simulation[AI_TRU1_Reason], (ROW(AY8)-1)*5 + 1)} -> Tôi tin rằng cơ quan thuế sẽ cố gắng thực thi công bằng, nhưng chưa chắc chắn do mức giảm trừ gia cảnh chưa phản ánh đầy đủ thực tế. | AZ9: =interview_responses[[#This Row],[Lý do - HUMAN-TRU1]] -> Chính phủ đang siết chặt thu thuế, trong khi đó chưa áp dụng các chính sách hỗ trợ người dân giảm trừ như mua nhà, con đi học. Chưa có đánh giá tác động cho các nhóm đối tượng khác nhau cũng như đánh giá tác động trong tương lai. | BA9: =AVERAGE( INDEX(step2_raw_simulation!AJ:AJ, (ROW(AJ8)-1)*5 + 2) : INDEX(step2_raw_simulation!AJ:AJ, (ROW(AJ8)-1)*5 + 6) ) -> 6.2 | BB9: =IF(AND(BA9>=1,BA9<5),"Oppose",IF(AND(BA9>=5,BA9<8),"Neutral",IF(AND(BA9>=8,BA9<=10),"Support",""))) -> Neutral | BC9: =interview_responses[[#This Row],[Tôi thấy mức thuế tôi phải đóng theo phương án mới là công bằng (người thu nhập như tôi đóng mức này là hợp lý). - HUMAN-TRU2]] -> 5 | BD9: =IF(AND(BC9>=1,BC9<5),"Oppose",IF(AND(BC9>=5,BC9<8),"Neutral",IF(AND(BC9>=8,BC9<=10),"Support",""))) -> Neutral | BE9: =ABS(BC9-BA9) -> 1.2 | BF9: {=INDEX(step2_raw_simulation[AI_TRU2_Reason], (ROW(BF8)-1)*5 + 1)} -> Thuế mới có thể hợp lý hơn so với trước đây, nhưng tôi vẫn lo ngại về mức độ công bằng khi áp dụng cho các nhóm đối tượng khác nhau. | BG9: =interview_responses[[#This Row],[Lý do - HUMAN-TRU2]] -> Tôi chưa tính được khi áp dụng thuế mới mức đóng cụ thể là bao nhiêu. Không thay đổi khi chính sách mới áp dụng. | BH9: =AVERAGE( INDEX(step2_raw_simulation!AO:AO, (ROW(AQ8)-1)*5 + 2) : INDEX(step2_raw_simulation!AO:AO, (ROW(AQ8)-1)*5 + 6) ) -> 5.4 | BI9: =IF(AND(BH9>=1,BH9<5),"Oppose",IF(AND(BH9>=5,BH9<8),"Neutral",IF(AND(BH9>=8,BH9<=10),"Support",""))) -> Neutral | BJ9: =interview_responses[[#This Row],[Tôi tin tưởng số tiền thuế tôi đóng sẽ được Nhà nước sử dụng hiệu quả để cải thiện dịch vụ công (y tế, đường xá...). - HUMAN-TRU3]] -> 5 | BK9: =IF(AND(BJ9>=1,BJ9<5),"Oppose",IF(AND(BJ9>=5,BJ9<8),"Neutral",IF(AND(BJ9>=8,BJ9<=10),"Support",""))) -> Neutral | BL9: =ABS(BJ9-BH9) -> 0.4 | BM9: {=INDEX(step2_raw_simulation[AI_TRU3_Reason], (ROW(BM8)-1)*5 + 1)} -> Tôi tin số thuế đóng sẽ được sử dụng hiệu quả, nhưng chưa chắc chắn do không có đánh giá cụ thể về tác động. | BN9: =interview_responses[[#This Row],[Lý do - HUMAN-TRU3]] -> Chưa chắc, k có niềm tin lắm nhưng vẫn có niềm tin. Vẫn đánh giá thuế có sử dụng cho dịch vụ công. Chính phủ có lắng nghe phản hồi của người dân, có một chút thay đổi. Vì thế cho điểm số ở mức trung bình. | BO9: =AVERAGE( INDEX(step2_raw_simulation!AT:AT, (ROW(AX8)-1)*5 + 2) : INDEX(step2_raw_simulation!AT:AT, (ROW(AX8)-1)*5 + 6) ) -> 5.4 | BP9: =IF(AND(BO9>=1,BO9<5),"Oppose",IF(AND(BO9>=5,BO9<8),"Neutral",IF(AND(BO9>=8,BO9<=10),"Support",""))) -> Neutral | BQ9: =interview_responses[[#This Row],[Tôi thấy Nhà nước đã giải thích rõ ràng, minh bạch về lý do và mục tiêu của việc sửa đổi thuế lần này. - HUMAN-TRU4]] -> 5 | BR9: =IF(AND(BQ9>=1,BQ9<5),"Oppose",IF(AND(BQ9>=5,BQ9<8),"Neutral",IF(AND(BQ9>=8,BQ9<=10),"Support",""))) -> Neutral | BS9: =ABS(BQ9-BO9) -> 0.4 | BT9: {=INDEX(step2_raw_simulation[AI_TRU4_Reason], (ROW(BT8)-1)*5 + 1)} -> Nhà nước đã giải thích mục tiêu của chính sách mới nhưng tôi vẫn lo ngại về sự thực thi công bằng và minh bạch. | BU9: =interview_responses[[#This Row],[Lý do - HUMAN-TRU4]] -> Mục tiêu chính thì hiểu, rationale đưa ra ngưỡng thì chưa hiểu lắm, Chính phủ cũng chưa forseen được mức trượt giá, lạm phát + giảm trừ gia cảnh. | BV9: =AVERAGE( INDEX(step2_raw_simulation!AY:AY, (ROW(BE8)-1)*5 + 2) : INDEX(step2_raw_simulation!AY:AY, (ROW(BE8)-1)*5 + 6) ) -> 7 | BW9: =IF(AND(BV9>=1,BV9<5),"Oppose",IF(AND(BV9>=5,BV9<8),"Neutral",IF(AND(BV9>=8,BV9<=10),"Support",""))) -> Neutral | BX9: =interview_responses[[#This Row],[Sau khi xem xét các quyền lợi và nghĩa vụ, bạn có ủng hộ và tuân thủ chính sách mới hiện nay? - HUMAN-OUT1]] -> 6 | BY9: =IF(AND(BX9>=1,BX9<5),"Oppose",IF(AND(BX9>=5,BX9<8),"Neutral",IF(AND(BX9>=8,BX9<=10),"Support",""))) -> Neutral | BZ9: =ABS(BX9-BV9) -> 1 | CA9: {=INDEX(step2_raw_simulation[AI_OUT1_Reason], (ROW(CA8)-1)*5 + 1)} -> Chính sách mới có lợi cho tôi, nhưng tôi chưa chắc chắn về tác động dài hạn nên không hoàn toàn ủng hộ ngay lập tức. | CB9: =interview_responses[[#This Row],[Lý do - HUMAN-OUT1]] -> Không ủng hộ cũng k được.
A10: {=INDEX(step2_raw_simulation[Persona_ID], (ROW(A9)-1)*5 + 1)} -> 9 | B10: {=INDEX(step2_raw_simulation[Run_ID], (ROW(B9)-1)*5 + 1)} -> 1 | C10: {=INDEX(step2_raw_simulation[Used_Seed], (ROW(C9)-1)*5 + 1)} -> 843 | D10: {=INDEX(step2_raw_simulation[Gender], (ROW(D9)-1)*5 + 1)} -> Nữ | E10: =interview_responses[[#This Row],[Giới tính của bạn:]] -> Nữ | F10: {=INDEX(step2_raw_simulation[Age], (ROW(F9)-1)*5 + 1)} -> 30 - 39 | G10: =interview_responses[[#This Row],[Độ tuổi của bạn:]] -> 30 - 39 | H10: {=INDEX(step2_raw_simulation[Region], (ROW(H9)-1)*5 + 1)} -> Thành thị | I10: =interview_responses[[#This Row],[Khu vực bạn đang sinh sống:]] -> Thành thị | J10: {=INDEX(step2_raw_simulation[Education], (ROW(J9)-1)*5 + 1)} -> Đại học | K10: =interview_responses[[#This Row],[Trình độ học vấn cao nhất:]] -> Đại học | L10: {=INDEX(step2_raw_simulation[Employment], (ROW(L9)-1)*5 + 1)} -> Chính thức | M10: =interview_responses[[#This Row],[Tình trạng việc làm chính:]] -> Khu vực chính thức (Có Hợp đồng lao động, đóng BHXH) | N10: {=INDEX(step2_raw_simulation[Income_Mil], (ROW(N9)-1)*5 + 1)} -> 86 | O10: =interview_responses[[#This Row],[Thu nhập bình quân tháng theo Hợp đồng lao động của bạn là bao nhiêu? (Vui lòng điền tổng thu nhập trước khi khấu trừ các loại Bảo hiểm (BHXH, BHYT, BHTN) và Thuế TNCN)]] -> Từ 70 - 102 triệu VNĐ | P10: {=INDEX(step2_raw_simulation[Dependents], (ROW(P9)-1)*5 + 1)} -> 1 | Q10: =interview_responses[[#This Row],[Số người phụ thuộc (con nhỏ, cha mẹ già...) đủ điều kiện giảm trừ gia cảnh:]] -> 1 người | R10: =AVERAGE( INDEX(step2_raw_simulation!K:K, (ROW(A9)-1)*5 + 2) : INDEX(step2_raw_simulation!K:K, (ROW(A9)-1)*5 + 6) ) -> 6.4 | S10: =IF(AND(R10>=1,R10<5),"Oppose",IF(AND(R10>=5,R10<8),"Neutral",IF(AND(R10>=8,R10<=10),"Support",""))) -> Neutral | T10: =interview_responses[[#This Row],[Tôi tin rằng với các quy định quản lý thuế hiện nay, hành vi gian lận hoặc trốn thuế sẽ dễ dàng bị phát hiện và xử lý nghiêm. - HUMAN-ENF1]] -> 7 | U10: =IF(AND(T10>=1,T10<5),"Oppose",IF(AND(T10>=5,T10<8),"Neutral",IF(AND(T10>=8,T10<=10),"Support",""))) -> Neutral | V10: =ABS(T10-R10) -> 0.6 | W10: {=INDEX(step2_raw_simulation[AI_ENF1_Reason], (ROW(W9)-1)*5 + 1)} -> Trả lời ENF: Theo quan điểm của tôi, việc phát hiện hành vi gian lận hoặc trốn thuế không hoàn toàn dễ dàng. Tuy nhiên, với mức thuế giảm và cải cách đơn giản hóa, tôi tin rằng có sự công bằng trong việc quản lý thuế. | X10: =interview_responses[[#This Row],[Lý do - HUMAN-ENF1]] -> Nếu là người lao động trong nhóm chính thức thì thực sự dễ dàng quản lý và cũng khó để trốn thuế, tuy nhiên 2 nhóm còn lại ở khu vực tự do và đã nghỉ hưu thì điều này không thể chắc chắn. Niềm tin chỉ ở mức tương đối. | Y10: =AVERAGE( INDEX(step2_raw_simulation!P:P, (ROW(H9)-1)*5 + 2) : INDEX(step2_raw_simulation!P:P, (ROW(H9)-1)*5 + 6) ) -> 5.8 | Z10: =IF(AND(Y10>=1,Y10<5),"Oppose",IF(AND(Y10>=5,Y10<8),"Neutral",IF(AND(Y10>=8,Y10<=10),"Support",""))) -> Neutral | AA10: =interview_responses[[#This Row],[Tôi tin rằng Nhà nước, cơ quan thuế có đủ khả năng và công nghệ để phát hiện, xử lý nghiêm các hành vi trốn thuế. - HUMAN-ENF2]] -> 7 | AB10: =IF(AND(AA10>=1,AA10<5),"Oppose",IF(AND(AA10>=5,AA10<8),"Neutral",IF(AND(AA10>=8,AA10<=10),"Support",""))) -> Neutral | AC10: =ABS(AA10-Y10) -> 1.2 | AD10: {=INDEX(step2_raw_simulation[AI_ENF2_Reason], (ROW(AD9)-1)*5 + 1)} -> Công nghệ ngày nay giúp cơ quan thuế theo dõi nhiều hơn nhưng không phải tất cả doanh nghiệp đều tuân thủ. Cần thời gian để kiểm soát hoàn toàn, tuy nhiên cải cách này tốt cho người nộp thuế. | AE10: =interview_responses[[#This Row],[Lý do - HUMAN-ENF2]] -> Sẽ có thể phát hiện nhưng không thể toàn bộ và ngay lập tức, vì những doanh nghiệp không tuân thủ quy định thì nếu có cơ quan thuế sẽ phải tiến hành điều tra chứ không có hệ thống để nhận diện hành vi vi phạm ngay lập tức. | AF10: =AVERAGE( INDEX(step2_raw_simulation!U:U, (ROW(O9)-1)*5 + 2) : INDEX(step2_raw_simulation!U:U, (ROW(O9)-1)*5 + 6) ) -> 8.2 | AG10: =IF(AND(AF10>=1,AF10<5),"Oppose",IF(AND(AF10>=5,AF10<8),"Neutral",IF(AND(AF10>=8,AF10<=10),"Support",""))) -> Support | AH10: =interview_responses[[#This Row],[Các thủ tục khai báo thuế VÀ/HOẶC quy trình làm việc với cơ quan thuế đơn giản, tiện lợi, nhanh chóng hơn so với trước đây. - HUMAN-FAC1]] -> 5 | AI10: =IF(AND(AH10>=1,AH10<5),"Oppose",IF(AND(AH10>=5,AH10<8),"Neutral",IF(AND(AH10>=8,AH10<=10),"Support",""))) -> Neutral | AJ10: =ABS(AH10-AF10) -> 3.2 | AK10: {=INDEX(step2_raw_simulation[AI_FAC1_Reason], (ROW(AK9)-1)*5 + 1)} -> So với trước đây, quy trình khai thuế đơn giản hơn và thuận tiện hơn nhiều. Kế toán công ty cũng hỗ trợ làm việc này nên tôi không gặp khó khăn. | AL10: =interview_responses[[#This Row],[Lý do - HUMAN-FAC1]] -> Tôi không rõ vấn đề này vì có bộ phận kế toán/nhân sự của công ty xử lý giúp. Chưa có trải nghiệm gì với cơ quan thuế. | AM10: =AVERAGE( INDEX(step2_raw_simulation!Z:Z, (ROW(V9)-1)*5 + 2) : INDEX(step2_raw_simulation!Z:Z, (ROW(V9)-1)*5 + 6) ) -> 8.8 | AN10: =IF(AND(AM10>=1,AM10<5),"Oppose",IF(AND(AM10>=5,AM10<8),"Neutral",IF(AND(AM10>=8,AM10<=10),"Support",""))) -> Support | AO10: =interview_responses[[#This Row],[So với trước đây, tôi thấy cách tính thuế và các bậc thuế trong phương án mới đơn giản, dễ hiểu và dễ thực hiện hơn. - HUMAN-FAC2]] -> 7 | AP10: =IF(AND(AO10>=1,AO10<5),"Oppose",IF(AND(AO10>=5,AO10<8),"Neutral",IF(AND(AO10>=8,AO10<=10),"Support",""))) -> Neutral | AQ10: =ABS(AO10-AM10) -> 1.8 | AR10: {=INDEX(step2_raw_simulation[AI_FAC2_Reason], (ROW(AR9)-1)*5 + 1)} -> Bậc thuế đã giảm từ 7 xuống còn 5, dễ hiểu hơn và người lao động sẽ đóng ít hơn. Điều này tạo cảm giác thuận lợi cho người nộp thuế | AS10: =interview_responses[[#This Row],[Lý do - HUMAN-FAC2]] -> Thực ra thì phương thức lũy tiến như nhau, nhưng giản lược số bậc thuế, và giảm tỷ lệ đóng thì tốt cho người lao động. Cá nhân đóng thuế ít hơn so với trước đây. | AT10: =AVERAGE( INDEX(step2_raw_simulation!AE:AE, (ROW(AC9)-1)*5 + 2) : INDEX(step2_raw_simulation!AE:AE, (ROW(AC9)-1)*5 + 6) ) -> 7.2 | AU10: =IF(AND(AT10>=1,AT10<5),"Oppose",IF(AND(AT10>=5,AT10<8),"Neutral",IF(AND(AT10>=8,AT10<=10),"Support",""))) -> Neutral | AV10: =interview_responses[[#This Row],[Tôi tin rằng Nhà nước, cơ quan thuế sẽ thực thi chính sách mới một cách khách quan, công tâm và đối xử bình đẳng với mọi người nộp thuế. - HUMAN-TRU1]] -> 7 | AW10: =IF(AND(AV10>=1,AV10<5),"Oppose",IF(AND(AV10>=5,AV10<8),"Neutral",IF(AND(AV10>=8,AV10<=10),"Support",""))) -> Neutral | AX10: =ABS(AV10-AT10) -> 0.2 | AY10: {=INDEX(step2_raw_simulation[AI_TRU1_Reason], (ROW(AY9)-1)*5 + 1)} -> Đối với tôi, Nhà nước thực thi công bằng trong việc điều chỉnh mức giảm trừ gia cảnh và bậc thuế mới. Mức thuế hiện tại là phù hợp với thu nhập của mình. | AZ10: =interview_responses[[#This Row],[Lý do - HUMAN-TRU1]] -> Nhà nước có chủ động điều chỉnh chính sách thuế mới, như vậy là rất tốt. tuy nhiên cần sự phối hợp của doanh nghiệp thì chính sách thuế mới thực sự hiệu quả. Các doanh nghiệp FDI thì có thể đảm bảo nhưng băn khoăn về các doanh nghiệp SME, doanh nghiệp trong nước hoặc các hộ kinh doanh. Ngoài ra, vấn đề khi thực thi có phụ thuộc vào các cấp cơ quan nhà nước ở dưới, nhỏ hơn có thể không thực hiện đúng với chính sách đề ra. | BA10: =AVERAGE( INDEX(step2_raw_simulation!AJ:AJ, (ROW(AJ9)-1)*5 + 2) : INDEX(step2_raw_simulation!AJ:AJ, (ROW(AJ9)-1)*5 + 6) ) -> 7.6 | BB10: =IF(AND(BA10>=1,BA10<5),"Oppose",IF(AND(BA10>=5,BA10<8),"Neutral",IF(AND(BA10>=8,BA10<=10),"Support",""))) -> Neutral | BC10: =interview_responses[[#This Row],[Tôi thấy mức thuế tôi phải đóng theo phương án mới là công bằng (người thu nhập như tôi đóng mức này là hợp lý). - HUMAN-TRU2]] -> 8 | BD10: =IF(AND(BC10>=1,BC10<5),"Oppose",IF(AND(BC10>=5,BC10<8),"Neutral",IF(AND(BC10>=8,BC10<=10),"Support",""))) -> Support | BE10: =ABS(BC10-BA10) -> 0.4 | BF10: {=INDEX(step2_raw_simulation[AI_TRU2_Reason], (ROW(BF9)-1)*5 + 1)} -> Mức thuế tôi phải đóng là công bằng so với thu nhập của mình. Tuy nhiên, việc sử dụng thuế vào cải thiện dịch vụ công còn phụ thuộc vào thực tế tại địa phương. | BG10: =interview_responses[[#This Row],[Lý do - HUMAN-TRU2]] -> Thấp hơn thì sẽ tốt hơn, hiện giờ mức đóng vẫn cao nhưng, giảm trừ gia cảnh và cá nhân còn khá thấp so với mức sống của khu vực thành thị. đặc biệt nhóm người chưa sở hữu nhà riêng. Cá nhân cảm thấy hài lòng vì giảm được thuế so với trước đây. | BH10: =AVERAGE( INDEX(step2_raw_simulation!AO:AO, (ROW(AQ9)-1)*5 + 2) : INDEX(step2_raw_simulation!AO:AO, (ROW(AQ9)-1)*5 + 6) ) -> 6.4 | BI10: =IF(AND(BH10>=1,BH10<5),"Oppose",IF(AND(BH10>=5,BH10<8),"Neutral",IF(AND(BH10>=8,BH10<=10),"Support",""))) -> Neutral | BJ10: =interview_responses[[#This Row],[Tôi tin tưởng số tiền thuế tôi đóng sẽ được Nhà nước sử dụng hiệu quả để cải thiện dịch vụ công (y tế, đường xá...). - HUMAN-TRU3]] -> 6 | BK10: =IF(AND(BJ10>=1,BJ10<5),"Oppose",IF(AND(BJ10>=5,BJ10<8),"Neutral",IF(AND(BJ10>=8,BJ10<=10),"Support",""))) -> Neutral | BL10: =ABS(BJ10-BH10) -> 0.4 | BM10: {=INDEX(step2_raw_simulation[AI_TRU3_Reason], (ROW(BM9)-1)*5 + 1)} -> Thuế tôi đóng sẽ được sử dụng hiệu quả để cải thiện các dịch vụ công như y tế và giao thông. Tuy nhiên, cần kiểm tra cụ thể hơn về việc này | BN10: =interview_responses[[#This Row],[Lý do - HUMAN-TRU3]] -> Tôi không thấy rằng giữa người đóng thuế cao và thấp có sự khác biệt trong việc hưởng các dịch vụ công tốt hơn, tất cả là như nhau. và qua các năm thì dịch vụ y tế hay đường xá đều không thay đổi dù tiền thuế đóng nhiều hơn, thông qua ở TPHCM hầu như không có nhiều cải thiện về đầu tư hạ tầng công, các trung tâm khám chữa bệnh công chất lượng hơn hay các trung tâm giải trí, bảo tàng nghệ thuật miễn phí cho người dân, hầu hết đều thu phí, và chất lượng không tốt. Mặc dù không hài lòng nhưng nhìn nhận thực tế vì có sự cải thiện, đặc biệt là có Metro ở Hồ Chí Minh. | BO10: =AVERAGE( INDEX(step2_raw_simulation!AT:AT, (ROW(AX9)-1)*5 + 2) : INDEX(step2_raw_simulation!AT:AT, (ROW(AX9)-1)*5 + 6) ) -> 6.6 | BP10: =IF(AND(BO10>=1,BO10<5),"Oppose",IF(AND(BO10>=5,BO10<8),"Neutral",IF(AND(BO10>=8,BO10<=10),"Support",""))) -> Neutral | BQ10: =interview_responses[[#This Row],[Tôi thấy Nhà nước đã giải thích rõ ràng, minh bạch về lý do và mục tiêu của việc sửa đổi thuế lần này. - HUMAN-TRU4]] -> 5 | BR10: =IF(AND(BQ10>=1,BQ10<5),"Oppose",IF(AND(BQ10>=5,BQ10<8),"Neutral",IF(AND(BQ10>=8,BQ10<=10),"Support",""))) -> Neutral | BS10: =ABS(BQ10-BO10) -> 1.6 | BT10: {=INDEX(step2_raw_simulation[AI_TRU4_Reason], (ROW(BT9)-1)*5 + 1)} -> Nếu Nhà nước giải thích rõ ràng mục tiêu của chính sách mới, tôi sẽ tin tưởng hơn. Hiện tại, tôi thấy cải cách thuế là hướng đi đúng. | BU10: =interview_responses[[#This Row],[Lý do - HUMAN-TRU4]] -> Tôi thấy ko quá cần thiết, vì cơ bản là có cải thiện cho đối tượng thu nhập của tôi. tuy nhiên việc sử dụng thuế vào đâu thì cần làm rõ. Không theo dõi quá trình chính sách để hình thành nên không nắm rõ thông tin. Quan trọng là giảm thuế thì cũng không cần giải thích nhiều. | BV10: =AVERAGE( INDEX(step2_raw_simulation!AY:AY, (ROW(BE9)-1)*5 + 2) : INDEX(step2_raw_simulation!AY:AY, (ROW(BE9)-1)*5 + 6) ) -> 7.8 | BW10: =IF(AND(BV10>=1,BV10<5),"Oppose",IF(AND(BV10>=5,BV10<8),"Neutral",IF(AND(BV10>=8,BV10<=10),"Support",""))) -> Neutral | BX10: =interview_responses[[#This Row],[Sau khi xem xét các quyền lợi và nghĩa vụ, bạn có ủng hộ và tuân thủ chính sách mới hiện nay? - HUMAN-OUT1]] -> 7 | BY10: =IF(AND(BX10>=1,BX10<5),"Oppose",IF(AND(BX10>=5,BX10<8),"Neutral",IF(AND(BX10>=8,BX10<=10),"Support",""))) -> Neutral | BZ10: =ABS(BX10-BV10) -> 0.8 | CA10: {=INDEX(step2_raw_simulation[AI_OUT1_Reason], (ROW(CA9)-1)*5 + 1)} -> Chính sách mới mang lại lợi ích cho người lao động như tôi. Mức thuế giảm giúp tiết kiệm được một khoản tiền đáng kể mỗi tháng | CB10: =interview_responses[[#This Row],[Lý do - HUMAN-OUT1]] -> Là công dân thì phải tuân thủ theo quy định tuyệt đối nhưng về mặt ủng hộ thì ở mức khá.
A11: {=INDEX(step2_raw_simulation[Persona_ID], (ROW(A10)-1)*5 + 1)} -> 10 | B11: {=INDEX(step2_raw_simulation[Run_ID], (ROW(B10)-1)*5 + 1)} -> 1 | C11: {=INDEX(step2_raw_simulation[Used_Seed], (ROW(C10)-1)*5 + 1)} -> 943 | D11: {=INDEX(step2_raw_simulation[Gender], (ROW(D10)-1)*5 + 1)} -> Nữ | E11: =interview_responses[[#This Row],[Giới tính của bạn:]] -> Nữ | F11: {=INDEX(step2_raw_simulation[Age], (ROW(F10)-1)*5 + 1)} -> 30 - 39 | G11: =interview_responses[[#This Row],[Độ tuổi của bạn:]] -> 30 - 39 | H11: {=INDEX(step2_raw_simulation[Region], (ROW(H10)-1)*5 + 1)} -> Nông thôn | I11: =interview_responses[[#This Row],[Khu vực bạn đang sinh sống:]] -> Nông thôn | J11: {=INDEX(step2_raw_simulation[Education], (ROW(J10)-1)*5 + 1)} -> Sau Đại học | K11: =interview_responses[[#This Row],[Trình độ học vấn cao nhất:]] -> Sau Đại học | L11: {=INDEX(step2_raw_simulation[Employment], (ROW(L10)-1)*5 + 1)} -> Phi chính thức | M11: =interview_responses[[#This Row],[Tình trạng việc làm chính:]] -> Khu vực phi chính thức (Lao động tự do, không có HĐLĐ) | N11: {=INDEX(step2_raw_simulation[Income_Mil], (ROW(N10)-1)*5 + 1)} -> 27.5 | O11: =interview_responses[[#This Row],[Thu nhập bình quân tháng theo Hợp đồng lao động của bạn là bao nhiêu? (Vui lòng điền tổng thu nhập trước khi khấu trừ các loại Bảo hiểm (BHXH, BHYT, BHTN) và Thuế TNCN)]] -> Từ 23 - 32 triệu VNĐ | P11: {=INDEX(step2_raw_simulation[Dependents], (ROW(P10)-1)*5 + 1)} -> 3 | Q11: =interview_responses[[#This Row],[Số người phụ thuộc (con nhỏ, cha mẹ già...) đủ điều kiện giảm trừ gia cảnh:]] -> 3 người | R11: =AVERAGE( INDEX(step2_raw_simulation!K:K, (ROW(A10)-1)*5 + 2) : INDEX(step2_raw_simulation!K:K, (ROW(A10)-1)*5 + 6) ) -> 6 | S11: =IF(AND(R11>=1,R11<5),"Oppose",IF(AND(R11>=5,R11<8),"Neutral",IF(AND(R11>=8,R11<=10),"Support",""))) -> Neutral | T11: =interview_responses[[#This Row],[Tôi tin rằng với các quy định quản lý thuế hiện nay, hành vi gian lận hoặc trốn thuế sẽ dễ dàng bị phát hiện và xử lý nghiêm. - HUMAN-ENF1]] -> 5 | U11: =IF(AND(T11>=1,T11<5),"Oppose",IF(AND(T11>=5,T11<8),"Neutral",IF(AND(T11>=8,T11<=10),"Support",""))) -> Neutral | V11: =ABS(T11-R11) -> 1 | W11: {=INDEX(step2_raw_simulation[AI_ENF1_Reason], (ROW(W10)-1)*5 + 1)} -> Tôi cho rằng dù có quy định quản lý thuế, người muốn trốn thuế vẫn có cách để lách luật. Tuy nhiên, việc giảm trừ gia cảnh và đơn giản hóa biểu thuế sẽ làm giảm động lực trốn thuế. | X11: =interview_responses[[#This Row],[Lý do - HUMAN-ENF1]] -> Tôi tin rằng nếu đã có Luật thì ai muốn trốn sẽ có cách lách để k bị phát hiện | Y11: =AVERAGE( INDEX(step2_raw_simulation!P:P, (ROW(H10)-1)*5 + 2) : INDEX(step2_raw_simulation!P:P, (ROW(H10)-1)*5 + 6) ) -> 8 | Z11: =IF(AND(Y11>=1,Y11<5),"Oppose",IF(AND(Y11>=5,Y11<8),"Neutral",IF(AND(Y11>=8,Y11<=10),"Support",""))) -> Support | AA11: =interview_responses[[#This Row],[Tôi tin rằng Nhà nước, cơ quan thuế có đủ khả năng và công nghệ để phát hiện, xử lý nghiêm các hành vi trốn thuế. - HUMAN-ENF2]] -> 8 | AB11: =IF(AND(AA11>=1,AA11<5),"Oppose",IF(AND(AA11>=5,AA11<8),"Neutral",IF(AND(AA11>=8,AA11<=10),"Support",""))) -> Support | AC11: =ABS(AA11-Y11) -> 0 | AD11: {=INDEX(step2_raw_simulation[AI_ENF2_Reason], (ROW(AD10)-1)*5 + 1)} -> Với công nghệ ngày càng phát triển, tôi tin rằng cơ quan thuế có khả năng phát hiện các hành vi gian lận. Tuy nhiên, vẫn có thể còn nhiều rủi ro trốn thuế. | AE11: =interview_responses[[#This Row],[Lý do - HUMAN-ENF2]] -> Do họ có thể truy thu dựa vào dòng tiền ra vào tài khoản | AF11: =AVERAGE( INDEX(step2_raw_simulation!U:U, (ROW(O10)-1)*5 + 2) : INDEX(step2_raw_simulation!U:U, (ROW(O10)-1)*5 + 6) ) -> 8.6 | AG11: =IF(AND(AF11>=1,AF11<5),"Oppose",IF(AND(AF11>=5,AF11<8),"Neutral",IF(AND(AF11>=8,AF11<=10),"Support",""))) -> Support | AH11: =interview_responses[[#This Row],[Các thủ tục khai báo thuế VÀ/HOẶC quy trình làm việc với cơ quan thuế đơn giản, tiện lợi, nhanh chóng hơn so với trước đây. - HUMAN-FAC1]] -> 10 | AI11: =IF(AND(AH11>=1,AH11<5),"Oppose",IF(AND(AH11>=5,AH11<8),"Neutral",IF(AND(AH11>=8,AH11<=10),"Support",""))) -> Support | AJ11: =ABS(AH11-AF11) -> 1.4 | AK11: {=INDEX(step2_raw_simulation[AI_FAC1_Reason], (ROW(AK10)-1)*5 + 1)} -> Thủ tục khai báo và quy trình làm việc với cơ quan thuế đơn giản hơn, thuận tiện hơn so với trước đây. Tôi thấy dễ dàng hơn trong việc nộp thuế. | AL11: =interview_responses[[#This Row],[Lý do - HUMAN-FAC1]] -> Có thể làm online, nên tôi thấy tiện a | AM11: =AVERAGE( INDEX(step2_raw_simulation!Z:Z, (ROW(V10)-1)*5 + 2) : INDEX(step2_raw_simulation!Z:Z, (ROW(V10)-1)*5 + 6) ) -> 9.4 | AN11: =IF(AND(AM11>=1,AM11<5),"Oppose",IF(AND(AM11>=5,AM11<8),"Neutral",IF(AND(AM11>=8,AM11<=10),"Support",""))) -> Support | AO11: =interview_responses[[#This Row],[So với trước đây, tôi thấy cách tính thuế và các bậc thuế trong phương án mới đơn giản, dễ hiểu và dễ thực hiện hơn. - HUMAN-FAC2]] -> 5 | AP11: =IF(AND(AO11>=1,AO11<5),"Oppose",IF(AND(AO11>=5,AO11<8),"Neutral",IF(AND(AO11>=8,AO11<=10),"Support",""))) -> Neutral | AQ11: =ABS(AO11-AM11) -> 4.4 | AR11: {=INDEX(step2_raw_simulation[AI_FAC2_Reason], (ROW(AR10)-1)*5 + 1)} -> Biểu thuế mới rõ ràng, dễ hiểu và thực hiện đơn giản hơn. Mức thu nhập chịu thuế thấp hơn giúp tôi tiết kiệm được nhiều chi phí. | AS11: =interview_responses[[#This Row],[Lý do - HUMAN-FAC2]] -> Tôi thấy như nhau | AT11: =AVERAGE( INDEX(step2_raw_simulation!AE:AE, (ROW(AC10)-1)*5 + 2) : INDEX(step2_raw_simulation!AE:AE, (ROW(AC10)-1)*5 + 6) ) -> 7.6 | AU11: =IF(AND(AT11>=1,AT11<5),"Oppose",IF(AND(AT11>=5,AT11<8),"Neutral",IF(AND(AT11>=8,AT11<=10),"Support",""))) -> Neutral | AV11: =interview_responses[[#This Row],[Tôi tin rằng Nhà nước, cơ quan thuế sẽ thực thi chính sách mới một cách khách quan, công tâm và đối xử bình đẳng với mọi người nộp thuế. - HUMAN-TRU1]] -> 9 | AW11: =IF(AND(AV11>=1,AV11<5),"Oppose",IF(AND(AV11>=5,AV11<8),"Neutral",IF(AND(AV11>=8,AV11<=10),"Support",""))) -> Support | AX11: =ABS(AV11-AT11) -> 1.4 | AY11: {=INDEX(step2_raw_simulation[AI_TRU1_Reason], (ROW(AY10)-1)*5 + 1)} -> Tôi tin rằng cơ quan thuế sẽ thực thi công bằng với mọi người nộp thuế, dù mức thuế mới có thể cao hơn so với trước đây đối với thu nhập của tôi. | AZ11: =interview_responses[[#This Row],[Lý do - HUMAN-TRU1]] -> Tại cán bộ thuế ở tôi rất tốt ạ | BA11: =AVERAGE( INDEX(step2_raw_simulation!AJ:AJ, (ROW(AJ10)-1)*5 + 2) : INDEX(step2_raw_simulation!AJ:AJ, (ROW(AJ10)-1)*5 + 6) ) -> 7.8 | BB11: =IF(AND(BA11>=1,BA11<5),"Oppose",IF(AND(BA11>=5,BA11<8),"Neutral",IF(AND(BA11>=8,BA11<=10),"Support",""))) -> Neutral | BC11: =interview_responses[[#This Row],[Tôi thấy mức thuế tôi phải đóng theo phương án mới là công bằng (người thu nhập như tôi đóng mức này là hợp lý). - HUMAN-TRU2]] -> 2 | BD11: =IF(AND(BC11>=1,BC11<5),"Oppose",IF(AND(BC11>=5,BC11<8),"Neutral",IF(AND(BC11>=8,BC11<=10),"Support",""))) -> Oppose | BE11: =ABS(BC11-BA11) -> 5.8 | BF11: {=INDEX(step2_raw_simulation[AI_TRU2_Reason], (ROW(BF10)-1)*5 + 1)} -> Sau khi tính toán, tôi thấy mức thuế mới là hợp lý cho thu nhập của mình. Sự đơn giản hóa sẽ giúp giảm bớt gánh nặng tài chính. | BG11: =interview_responses[[#This Row],[Lý do - HUMAN-TRU2]] -> Tôi thấy phần trăm đóng thuế còn cao so với tôi | BH11: =AVERAGE( INDEX(step2_raw_simulation!AO:AO, (ROW(AQ10)-1)*5 + 2) : INDEX(step2_raw_simulation!AO:AO, (ROW(AQ10)-1)*5 + 6) ) -> 7.4 | BI11: =IF(AND(BH11>=1,BH11<5),"Oppose",IF(AND(BH11>=5,BH11<8),"Neutral",IF(AND(BH11>=8,BH11<=10),"Support",""))) -> Neutral | BJ11: =interview_responses[[#This Row],[Tôi tin tưởng số tiền thuế tôi đóng sẽ được Nhà nước sử dụng hiệu quả để cải thiện dịch vụ công (y tế, đường xá...). - HUMAN-TRU3]] -> 7 | BK11: =IF(AND(BJ11>=1,BJ11<5),"Oppose",IF(AND(BJ11>=5,BJ11<8),"Neutral",IF(AND(BJ11>=8,BJ11<=10),"Support",""))) -> Neutral | BL11: =ABS(BJ11-BH11) -> 0.4 | BM11: {=INDEX(step2_raw_simulation[AI_TRU3_Reason], (ROW(BM10)-1)*5 + 1)} -> Có niềm tin rằng số tiền thuế đóng sẽ được sử dụng hiệu quả để cải thiện các dịch vụ công, như y tế và đường xá. | BN11: =interview_responses[[#This Row],[Lý do - HUMAN-TRU3]] -> Dạ do tôi dễ tin người ạ | BO11: =AVERAGE( INDEX(step2_raw_simulation!AT:AT, (ROW(AX10)-1)*5 + 2) : INDEX(step2_raw_simulation!AT:AT, (ROW(AX10)-1)*5 + 6) ) -> 8.2 | BP11: =IF(AND(BO11>=1,BO11<5),"Oppose",IF(AND(BO11>=5,BO11<8),"Neutral",IF(AND(BO11>=8,BO11<=10),"Support",""))) -> Support | BQ11: =interview_responses[[#This Row],[Tôi thấy Nhà nước đã giải thích rõ ràng, minh bạch về lý do và mục tiêu của việc sửa đổi thuế lần này. - HUMAN-TRU4]] -> 8 | BR11: =IF(AND(BQ11>=1,BQ11<5),"Oppose",IF(AND(BQ11>=5,BQ11<8),"Neutral",IF(AND(BQ11>=8,BQ11<=10),"Support",""))) -> Support | BS11: =ABS(BQ11-BO11) -> 0.2 | BT11: {=INDEX(step2_raw_simulation[AI_TRU4_Reason], (ROW(BT10)-1)*5 + 1)} -> Nhà nước đã giải thích rõ ràng về mục tiêu của việc sửa đổi thuế. Tuy nhiên, vẫn còn nhiều thông tin cần thêm để tôi hoàn toàn yên tâm. | BU11: =interview_responses[[#This Row],[Lý do - HUMAN-TRU4]] -> Dạ, về cơ bản là đã khá chi tiết và rõ ràng ạ | BV11: =AVERAGE( INDEX(step2_raw_simulation!AY:AY, (ROW(BE10)-1)*5 + 2) : INDEX(step2_raw_simulation!AY:AY, (ROW(BE10)-1)*5 + 6) ) -> 9 | BW11: =IF(AND(BV11>=1,BV11<5),"Oppose",IF(AND(BV11>=5,BV11<8),"Neutral",IF(AND(BV11>=8,BV11<=10),"Support",""))) -> Support | BX11: =interview_responses[[#This Row],[Sau khi xem xét các quyền lợi và nghĩa vụ, bạn có ủng hộ và tuân thủ chính sách mới hiện nay? - HUMAN-OUT1]] -> 10 | BY11: =IF(AND(BX11>=1,BX11<5),"Oppose",IF(AND(BX11>=5,BX11<8),"Neutral",IF(AND(BX11>=8,BX11<=10),"Support",""))) -> Support | BZ11: =ABS(BX11-BV11) -> 1 | CA11: {=INDEX(step2_raw_simulation[AI_OUT1_Reason], (ROW(CA10)-1)*5 + 1)} -> Dựa trên lợi ích tài chính và sự đơn giản hóa quy trình, tôi ủng hộ và tuân thủ chính sách mới. Tuy nhiên, vẫn có một số lo ngại về công bằng mức thuế. | CB11: =interview_responses[[#This Row],[Lý do - HUMAN-OUT1]] -> Dạ, là công dân thì phải tuân thủ, vì không có phương án khác ạ
