Workbook

Sheet Summary
A1: Interview - Summary
A2: Metric | B2: MAE (Intensity) | C2: Agreement Rate (%) | D2: MCC | E2: TVD | F2: EMD | G2: Human_Oppose (%) | H2: Human_Neutral (%) | I2: Human_Support (%) | J2: AI_Oppose (%) | K2: AI_Neutral (%) | L2: AI_Support (%)
A3: ENF1 | B3: 1.304 | C3: 0.56 | D3: 0.36628779 | E3: 0.32 | F3: 0.824 | G3: 0.12 | H3: 0.44 | I3: 0.44 | J3: 0.28 | K3: 0.6 | L3: 0.12
A4: ENF2 | B4: 1.328 | C4: 0.56 | D4: 0.22315185 | E4: 0.24 | F4: 0.912 | G4: 0 | H4: 0.6 | I4: 0.4 | J4: 0.2 | K4: 0.64 | L4: 0.16
A5: FAC1 | B5: 1.8 | C5: 0.6 | D5: 0.30254174 | E5: 0.16 | F5: 1.56 | G5: 0.2 | H5: 0.52 | I5: 0.28 | J5: 0.04 | K5: 0.68 | L5: 0.28
A6: FAC2 | B6: 1.544 | C6: 0.56 | D6: 0.15179083 | E6: 0.04 | F6: 1.208 | G6: 0.04 | H6: 0.52 | I6: 0.44 | J6: 0 | K6: 0.52 | L6: 0.48
A7: TRU1 | B7: 1.184 | C7: 0.56 | D7: 0.067299764 | E7: 0.12 | F7: 0.624 | G7: 0.12 | H7: 0.64 | I7: 0.24 | J7: 0.12 | K7: 0.76 | L7: 0.12
A8: TRU2 | B8: 1.488 | C8: 0.6 | D8: 0.300764 | E8: 0.12 | F8: 1.328 | G8: 0.16 | H8: 0.52 | I8: 0.32 | J8: 0.04 | K8: 0.6 | L8: 0.36
A9: TRU3 | B9: 1.456 | C9: 0.72 | D9: 0.50390326 | E9: 0.28 | F9: 1.408 | G9: 0.24 | H9: 0.6 | I9: 0.16 | J9: 0 | K9: 0.88 | L9: 0.12
A10: TRU4 | B10: 0.864 | C10: 0.8 | D10: 0.56617647 | E10: 0.12 | F10: 0.464 | G10: 0 | H10: 0.68 | I10: 0.32 | J10: 0.08 | K10: 0.72 | L10: 0.2
A11: OUT1 | B11: 1.04 | C11: 0.88 | D11: 0.75664445 | E11: 0.04 | F11: 0.768 | G11: 0 | H11: 0.44 | I11: 0.56 | J11: 0 | K11: 0.4 | L11: 0.6
A14: Validation - Summary
A15: Metric | B15: MAE (Intensity) | C15: Agreement Rate (%) | D15: MCC | E15: TVD | F15: EMD | G15: Human_Oppose (%) | H15: Human_Neutral (%) | I15: Human_Support (%) | J15: AI_Oppose (%) | K15: AI_Neutral (%) | L15: AI_Support (%)
A16: ENF1 | B16: ='Validation - Summary'!B3 -> 1.9151365 | C16: ='Validation - Summary'!C3 -> 0.43424318 | D16: ='Validation - Summary'!D3 -> 0.00097789611 | E16: ='Validation - Summary'!E3 -> 0.24218362 | F16: ='Validation - Summary'!F3 -> 0.95434243 | G16: ='Validation - Summary'!G3 -> 0.13647643 | H16: ='Validation - Summary'!H3 -> 0.44665012 | I16: ='Validation - Summary'!I3 -> 0.41687345 | ... L16: ='Validation - Summary'!L3 -> 0.29875931
A17: ENF2 | B17: ='Validation - Summary'!B4 -> 1.898263 | C17: ='Validation - Summary'!C4 -> 0.42452131 | D17: ='Validation - Summary'!D4 -> -0.027270302 | E17: ='Validation - Summary'!E4 -> 0.11092676 | F17: ='Validation - Summary'!F4 -> 0.73647643 | G17: ='Validation - Summary'!G4 -> 0.11166253 | H17: ='Validation - Summary'!H4 -> 0.41191067 | I17: ='Validation - Summary'!I4 -> 0.4764268 | ... L17: ='Validation - Summary'!L4 -> 0.4712023
A18: FAC1 | B18: ='Validation - Summary'!B5 -> 2.5975186 | C18: ='Validation - Summary'!C5 -> 0.3838043 | D18: ='Validation - Summary'!D5 -> 0.026828823 | E18: ='Validation - Summary'!E5 -> 0.44158365 | F18: ='Validation - Summary'!F5 -> 2.1890819 | G18: ='Validation - Summary'!G5 -> 0.20595533 | H18: ='Validation - Summary'!H5 -> 0.43920596 | I18: ='Validation - Summary'!I5 -> 0.35483871 | ... L18: ='Validation - Summary'!L5 -> 0.79642235
A19: FAC2 | B19: ='Validation - Summary'!B6 -> 1.8843672 | C19: ='Validation - Summary'!C6 -> 0.49254842 | D19: ='Validation - Summary'!D6 -> 0.025662422 | E19: ='Validation - Summary'!E6 -> 0.47442934 | F19: ='Validation - Summary'!F6 -> 1.546402 | G19: ='Validation - Summary'!G6 -> 0.052109181 | H19: ='Validation - Summary'!H6 -> 0.45905707 | I19: ='Validation - Summary'!I6 -> 0.48883375 | ... L19: ='Validation - Summary'!L6 -> 0.96326309
A20: TRU1 | B20: ='Validation - Summary'!B7 -> 2.1002481 | C20: ='Validation - Summary'!C7 -> 0.43547971 | D20: ='Validation - Summary'!D7 -> 0.028032426 | E20: ='Validation - Summary'!E7 -> 0.2164971 | F20: ='Validation - Summary'!F7 -> 1.4168734 | G20: ='Validation - Summary'!G7 -> 0.14143921 | H20: ='Validation - Summary'!H7 -> 0.54094293 | I20: ='Validation - Summary'!I7 -> 0.31761787 | ... L20: ='Validation - Summary'!L7 -> 0.53411496
A21: TRU2 | B21: ='Validation - Summary'!B8 -> 2.462531 | C21: ='Validation - Summary'!C8 -> 0.37866404 | D21: ='Validation - Summary'!D8 -> -0.027899709 | E21: ='Validation - Summary'!E8 -> 0.57053157 | F21: ='Validation - Summary'!F8 -> 2.169727 | G21: ='Validation - Summary'!G8 -> 0.17369727 | H21: ='Validation - Summary'!H8 -> 0.44168734 | I21: ='Validation - Summary'!I8 -> 0.38461538 | ... L21: ='Validation - Summary'!L8 -> 0.95514696
A22: TRU3 | B22: ='Validation - Summary'!B9 -> 2.462531 | C22: ='Validation - Summary'!C9 -> 0.40009057 | D22: ='Validation - Summary'!D9 -> 0.019436244 | E22: ='Validation - Summary'!E9 -> 0.2980784 | F22: ='Validation - Summary'!F9 -> 1.88933 | G22: ='Validation - Summary'!G9 -> 0.17866005 | H22: ='Validation - Summary'!H9 -> 0.53846154 | I22: ='Validation - Summary'!I9 -> 0.28287841 | ... L22: ='Validation - Summary'!L9 -> 0.58095681
A23: TRU4 | B23: ='Validation - Summary'!B10 -> 1.9776675 | C23: ='Validation - Summary'!C10 -> 0.43646233 | D23: ='Validation - Summary'!D10 -> 6.0542354e-05 | E23: ='Validation - Summary'!E10 -> 0.22042527 | F23: ='Validation - Summary'!F10 -> 1.2610422 | G23: ='Validation - Summary'!G10 -> 0.11414392 | H23: ='Validation - Summary'!H10 -> 0.58312655 | I23: ='Validation - Summary'!I10 -> 0.30272953 | ... L23: ='Validation - Summary'!L10 -> 0.5231548
A24: OUT1 | B24: ='Validation - Summary'!B11 -> 2.2486352 | C24: ='Validation - Summary'!C11 -> 0.43669046 | D24: ='Validation - Summary'!D11 -> 0.014769023 | E24: ='Validation - Summary'!E11 -> 0.52734778 | F24: ='Validation - Summary'!F11 -> 1.9225806 | G24: ='Validation - Summary'!G11 -> 0.086848635 | H24: ='Validation - Summary'!H11 -> 0.48138958 | I24: ='Validation - Summary'!I11 -> 0.43176179 | ... L24: ='Validation - Summary'!L11 -> 0.95910956
A27: Calibration - Summary
A28: Metric | B28: MAE (Intensity) | C28: Agreement Rate (%) | D28: MCC | E28: TVD | F28: EMD | G28: Human_Oppose (%) | H28: Human_Neutral (%) | I28: Human_Support (%) | J28: AI_Oppose (%) | K28: AI_Neutral (%) | L28: AI_Support (%)
A29: ENF1 | B29: ='Calibration - Summary'!B3 -> 1.8471464 | C29: ='Calibration - Summary'!C3 -> 0.43473945 | D29: ='Calibration - Summary'!D3 -> 0.00097132092 | E29: ='Calibration - Summary'!E3 -> 0.23970223 | F29: ='Calibration - Summary'!F3 -> 1.4143921 | G29: ='Calibration - Summary'!G3 -> 0.13647643 | H29: ='Calibration - Summary'!H3 -> 0.44665012 | I29: ='Calibration - Summary'!I3 -> 0.41687345 | ... L29: ='Calibration - Summary'!L3 -> 0.30173697
A30: ENF2 | B30: ='Calibration - Summary'!B4 -> 1.8377171 | C30: ='Calibration - Summary'!C4 -> 0.45856079 | D30: ='Calibration - Summary'!D4 -> 0.033905287 | E30: ='Calibration - Summary'!E4 -> 0.1439206 | F30: ='Calibration - Summary'!F4 -> 1.6401985 | G30: ='Calibration - Summary'!G4 -> 0.11166253 | H30: ='Calibration - Summary'!H4 -> 0.41191067 | I30: ='Calibration - Summary'!I4 -> 0.4764268 | ... L30: ='Calibration - Summary'!L4 -> 0.44764268
A31: FAC1 | B31: ='Calibration - Summary'!B5 -> 2.4456576 | C31: ='Calibration - Summary'!C5 -> 0.39007444 | D31: ='Calibration - Summary'!D5 -> 0.0091640253 | E31: ='Calibration - Summary'!E5 -> 0.25756824 | F31: ='Calibration - Summary'!F5 -> 1.9255583 | G31: ='Calibration - Summary'!G5 -> 0.20595533 | H31: ='Calibration - Summary'!H5 -> 0.43920596 | I31: ='Calibration - Summary'!I5 -> 0.35483871 | ... L31: ='Calibration - Summary'!L5 -> 0.60942928
A32: FAC2 | B32: ='Calibration - Summary'!B6 -> 1.6908189 | C32: ='Calibration - Summary'!C6 -> 0.46423466 | D32: ='Calibration - Summary'!D6 -> -0.021171245 | E32: ='Calibration - Summary'!E6 -> 0.18943002 | F32: ='Calibration - Summary'!F6 -> 0.75682382 | G32: ='Calibration - Summary'!G6 -> 0.052109181 | H32: ='Calibration - Summary'!H6 -> 0.45905707 | I32: ='Calibration - Summary'!I6 -> 0.48883375 | ... L32: ='Calibration - Summary'!L6 -> 0.67826377
A33: TRU1 | B33: ='Calibration - Summary'!B7 -> 2.0099256 | C33: ='Calibration - Summary'!C7 -> 0.45035739 | D33: ='Calibration - Summary'!D7 -> -0.018752202 | E33: ='Calibration - Summary'!E7 -> 0.12108811 | F33: ='Calibration - Summary'!F7 -> 0.8808933 | G33: ='Calibration - Summary'!G7 -> 0.14143921 | H33: ='Calibration - Summary'!H7 -> 0.54094293 | I33: ='Calibration - Summary'!I7 -> 0.31761787 | ... L33: ='Calibration - Summary'!L7 -> 0.31827463
A34: TRU2 | B34: ='Calibration - Summary'!B8 -> 2.0818859 | C34: ='Calibration - Summary'!C8 -> 0.42800637 | D34: ='Calibration - Summary'!D8 -> 0.016688063 | E34: ='Calibration - Summary'!E8 -> 0.22563732 | F34: ='Calibration - Summary'!F8 -> 1.101737 | G34: ='Calibration - Summary'!G8 -> 0.17369727 | H34: ='Calibration - Summary'!H8 -> 0.44168734 | I34: ='Calibration - Summary'!I8 -> 0.38461538 | ... L34: ='Calibration - Summary'!L8 -> 0.31530067
A35: TRU3 | B35: ='Calibration - Summary'!B9 -> 2.1756824 | C35: ='Calibration - Summary'!C9 -> 0.47020974 | D35: ='Calibration - Summary'!D9 -> -0.028228239 | E35: ='Calibration - Summary'!E9 -> 0.25974421 | F35: ='Calibration - Summary'!F9 -> 1.2382134 | G35: ='Calibration - Summary'!G9 -> 0.17866005 | H35: ='Calibration - Summary'!H9 -> 0.53846154 | I35: ='Calibration - Summary'!I9 -> 0.28287841 | ... L35: ='Calibration - Summary'!L9 -> 0.15805749
A36: TRU4 | B36: ='Calibration - Summary'!B10 -> 1.8764268 | C36: ='Calibration - Summary'!C10 -> 0.5432269 | D36: ='Calibration - Summary'!D10 -> 0.030646532 | E36: ='Calibration - Summary'!E10 -> 0.27372531 | F36: ='Calibration - Summary'!F10 -> 0.79404467 | G36: ='Calibration - Summary'!G10 -> 0.11414392 | H36: ='Calibration - Summary'!H10 -> 0.58312655 | I36: ='Calibration - Summary'!I10 -> 0.30272953 | ... L36: ='Calibration - Summary'!L10 -> 0.08250703
A37: OUT1 | B37: ='Calibration - Summary'!B11 -> 1.8987593 | C37: ='Calibration - Summary'!C11 -> 0.45786018 | D37: ='Calibration - Summary'!D11 -> 0.0017808799 | E37: ='Calibration - Summary'!E11 -> 0.15515481 | F37: ='Calibration - Summary'!F11 -> 0.66253102 | G37: ='Calibration - Summary'!G11 -> 0.086848635 | H37: ='Calibration - Summary'!H11 -> 0.48138958 | I37: ='Calibration - Summary'!I11 -> 0.43176179 | ... L37: ='Calibration - Summary'!L11 -> 0.34448917
A40: %Improvement
A41: Metric | B41: MAE (Intensity) | C41: Agreement Rate (%) | D41: MCC | E41: TVD | F41: EMD | G41: Human_Oppose (%) | H41: Human_Neutral (%) | I41: Human_Support (%) | J41: AI_Oppose (%) | K41: AI_Neutral (%) | L41: AI_Support (%)
A42: ENF1 | B42: =((B16-B29)/B16)*100% -> 0.035501425 | C42: =((C29-C16)/C16)*100% -> 0.0011428571 | D42: =ABS(((D29-D16)/D16)*100%) -> 0.0067238158 | E42: =((E16-E29)/E16)*100% -> 0.010245902 | F42: =((F16-F29)/F16)*100% -> -0.48205928
A43: ENF2 | B43: =((B17-B30)/B17)*100% -> 0.031895425 | C43: =((C30-C17)/C17)*100% -> 0.080183206 | D43: =ABS(((D30-D17)/D17)*100%) -> 2.2433044 | E43: =((E17-E30)/E17)*100% -> -0.29743807 | F43: =((F17-F30)/F17)*100% -> -1.2270889
A44: FAC1 | B44: =((B18-B31)/B18)*100% -> 0.05846389 | C44: =((C31-C18)/C18)*100% -> 0.01633681 | D44: =ABS(((D31-D18)/D18)*100%) -> 0.65842612 | E44: =((E18-E31)/E18)*100% -> 0.41671699 | F44: =((F18-F31)/F18)*100% -> 0.12038087
A45: FAC2 | B45: =((B19-B32)/B19)*100% -> 0.10271267 | C45: =((C32-C19)/C19)*100% -> -0.057484228 | D45: =ABS(((D32-D19)/D19)*100%) -> 1.8249901 | E45: =((E19-E32)/E19)*100% -> 0.60072027 | F45: =((F19-F32)/F19)*100% -> 0.5105905
A46: TRU1 | B46: =((B20-B33)/B20)*100% -> 0.043005671 | C46: =((C33-C20)/C20)*100% -> 0.034163901 | D46: =ABS(((D33-D20)/D20)*100%) -> 1.6689468 | E46: =((E20-E33)/E20)*100% -> 0.44069408 | F46: =((F20-F33)/F20)*100% -> 0.37828371
A47: TRU2 | B47: =((B21-B34)/B21)*100% -> 0.15457477 | C47: =((C34-C21)/C21)*100% -> 0.13030636 | D47: =ABS(((D34-D21)/D21)*100%) -> 1.5981447 | E47: =((E21-E34)/E21)*100% -> 0.60451387 | F47: =((F21-F34)/F21)*100% -> 0.49222324
A48: TRU3 | B48: =((B22-B35)/B22)*100% -> 0.11648529 | C48: =((C35-C22)/C22)*100% -> 0.17525823 | D48: =ABS(((D35-D22)/D22)*100%) -> 2.4523505 | E48: =((E22-E35)/E22)*100% -> 0.12860439 | F48: =((F22-F35)/F22)*100% -> 0.34462832
A49: TRU4 | B49: =((B23-B36)/B23)*100% -> 0.05119197 | C49: =((C36-C23)/C23)*100% -> 0.24461348 | D49: =ABS(((D36-D23)/D23)*100%) -> 505.19988 | E49: =((E23-E36)/E23)*100% -> -0.24180547 | F49: =((F23-F36)/F23)*100% -> 0.37032664
A50: OUT1 | B50: =((B24-B37)/B24)*100% -> 0.15559479 | C50: =((C37-C24)/C24)*100% -> 0.048477637 | D50: =ABS(((D37-D24)/D24)*100%) -> 0.8794179 | E50: =((E24-E37)/E24)*100% -> 0.70578276 | F50: =((F24-F37)/F24)*100% -> 0.65539494
B52: Survey | C52: Validation | D52: Calibration | E52: VHLSS | F52: Personas_IPFP | G52: Personas_IPFP_feedback
A53: AIx | B53: 0.6293769 | C53: ='Validation - Summary'!B12 -> 0.75494899 | D53: ='Calibration - Summary'!B12 -> 0.68159636 | E53: 0.68372566 | F53: 0.68261852 | G53: 0.73808704
A54: OUT1 Score | B54: 0.65977392 | C54: ='Validation - Summary'!B13 -> 0.85304659 | D54: ='Calibration - Summary'!B13 -> 0.66594982 | E54: 0.6663453 | F54: 0.66557778 | G54: 0.81113333
A57: Survey | F57: Validation | K57: Calibration | P57: VHLSS | U57: IPFP_Personas | Z57: IPFP_Personas_feedback
A58: ENF1 | B58: Oppose | C58: Neutral | D58: Support | F58: ENF1 | G58: Oppose | H58: Neutral | I58: Support | K58: ENF1 | L58: Oppose | M58: Neutral | N58: Support | P58: ENF1 | Q58: Oppose | R58: Neutral | S58: Support | U58: ENF1 | V58: Oppose | W58: Neutral | X58: Support | Z58: ENF1 | AA58: Oppose | AB58: Neutral | AC58: Support
A59: Formal | B59: 0.13793103 | C59: 0.44297082 | D59: 0.41909814 | F59: Formal | G59: 0.011140584 | H59: 0.68647215 | I59: 0.30238727 | K59: Formal | L59: 0.012201592 | M59: 0.68647215 | N59: 0.30132626 | P59: Formal | Q59: 0.012427506 | R59: 0.68765534 | S59: 0.29991715 | U59: Formal | V59: 0.013061412 | W59: 0.7027956 | X59: 0.28414299 | Z59: Formal | AA59: 0.0093950504 | AB59: 0.63038497 | AC59: 0.36021998
A60: Informal | B60: 0.11764706 | C60: 0.47058824 | D60: 0.41176471 | F60: Informal | G60: 0.030769231 | H60: 0.72307692 | I60: 0.24615385 | K60: Informal | L60: 0.0076923077 | M60: 0.68461538 | N60: 0.30769231 | P60: Informal | Q60: 0.022727273 | R60: 0.72727273 | S60: 0.25 | U60: Informal | V60: 0.0078616352 | W60: 0.70754717 | X60: 0.28459119 | Z60: Informal | AA60: 0.028301887 | AB60: 0.69654088 | AC60: 0.27515723
A62: ENF2 | B62: Oppose | C62: Neutral | D62: Support | F62: ENF2 | G62: Oppose | H62: Neutral | I62: Support | K62: ENF2 | L62: Oppose | M62: Neutral | N62: Support | P62: ENF2 | Q62: Oppose | R62: Neutral | S62: Support | U62: ENF2 | V62: Oppose | W62: Neutral | X62: Support | Z62: ENF2 | AA62: Oppose | AB62: Neutral | AC62: Support
A63: Formal | B63: 0.1061008 | C63: 0.41644562 | D63: 0.47745358 | F63: Formal | G63: 0.0090242113 | H63: 0.50955754 | I63: 0.48141825 | K63: Formal | L63: 0.0021220159 | M63: 0.54854111 | N63: 0.44933687 | P63: Formal | Q63: 0.0041425021 | R63: 0.53024027 | S63: 0.46561723 | U63: Formal | V63: 0.004812099 | W63: 0.53460128 | X63: 0.46058662 | Z63: Formal | AA63: 0.0059578368 | AB63: 0.52039413 | AC63: 0.47364803
A64: Informal | B64: 0.17647059 | C64: 0.29411765 | D64: 0.52941176 | F64: Informal | G64: 0.015384615 | H64: 0.66153846 | I64: 0.32307692 | K64: Informal | L64: 0 | M64: 0.57692308 | N64: 0.42307692 | P64: Informal | Q64: 0.0056818182 | R64: 0.53409091 | S64: 0.46022727 | U64: Informal | V64: 0.0031446541 | W64: 0.49842767 | X64: 0.49842767 | Z64: Informal | AA64: 0.025157233 | AB64: 0.58333333 | AC64: 0.39150943
A66: FAC1 | B66: Oppose | C66: Neutral | D66: Support | F66: FAC1 | G66: Oppose | H66: Neutral | I66: Support | K66: FAC1 | L66: Oppose | M66: Neutral | N66: Support | P66: FAC1 | Q66: Oppose | R66: Neutral | S66: Support | U66: FAC1 | V66: Oppose | W66: Neutral | X66: Support | Z66: FAC1 | AA66: Oppose | AB66: Neutral | AC66: Support
A67: Formal | B67: 0.19363395 | C67: 0.4403183 | D67: 0.36604775 | F67: Formal | G67: 0.0010624189 | H67: 0.19692138 | I67: 0.8020162 | K67: Formal | L67: 0.011140584 | M67: 0.38302387 | N67: 0.60583554 | P67: Formal | Q67: 0.0057995029 | R67: 0.38442419 | S67: 0.6097763 | U67: Formal | V67: 0.008020165 | W67: 0.38657195 | X67: 0.60540788 | Z67: Formal | AA67: 0.008020165 | AB67: 0.38657195 | AC67: 0.60540788
A68: Informal | B68: 0.41176471 | C68: 0.41176471 | D68: 0.17647059 | F68: Informal | G68: 0 | H68: 0.28461538 | I68: 0.71538462 | K68: Informal | L68: 0.0076923077 | M68: 0.33076923 | N68: 0.66153846 | P68: Informal | Q68: 0.0056818182 | R68: 0.40909091 | S68: 0.58522727 | U68: Informal | V68: 0.0062893082 | W68: 0.38522013 | X68: 0.60849057 | Z68: Informal | AA68: 0.0062893082 | AB68: 0.38522013 | AC68: 0.60849057
A70: FAC2 | B70: Oppose | C70: Neutral | D70: Support | F70: FAC2 | G70: Oppose | H70: Neutral | I70: Support | K70: FAC2 | L70: Oppose | M70: Neutral | N70: Support | P70: FAC2 | Q70: Oppose | R70: Neutral | S70: Support | U70: FAC2 | V70: Oppose | W70: Neutral | X70: Support | Z70: FAC2 | AA70: Oppose | AB70: Neutral | AC70: Support
A71: 18 - 24 | B71: 0.018181818 | C71: 0.30909091 | D71: 0.67272727 | F71: 18 - 24 | G71: 0 | H71: 0.032727273 | I71: 0.96727273 | K71: 18 - 24 | L71: 0 | M71: 0.30545455 | N71: 0.69454545 | P71: 18 - 24 | Q71: 0 | R71: 0.36734694 | S71: 0.63265306 | U71: 18 - 24 | V71: 0.010989011 | W71: 0.28571429 | X71: 0.7032967 | Z71: 18 - 24 | AA71: 0 | AB71: 0.1043956 | AC71: 0.8956044
A72: 25 - 29 | B72: 0.012658228 | C72: 0.4556962 | D72: 0.53164557 | F72: 25 - 29 | G72: 0 | H72: 0.030379747 | I72: 0.96962025 | K72: 25 - 29 | L72: 0.01522233 | M72: 0.30467381 | N72: 0.68010386 | P72: 25 - 29 | Q72: 0.031847134 | R72: 0.27388535 | S72: 0.69426752 | U72: 25 - 29 | V72: 0.010398614 | W72: 0.34835355 | X72: 0.64124783 | Z72: 25 - 29 | AA72: 0 | AB72: 0.069204152 | AC72: 0.93079585
A73: 30 - 39 | B73: 0.060606061 | C73: 0.46212121 | D73: 0.47727273 | F73: 30 - 39 | G73: 0 | H73: 0.040943789 | I73: 0.95905621 | K73: 30 - 39 | L73: 0.0060606061 | M73: 0.31515152 | N73: 0.67878788 | P73: 30 - 39 | Q73: 0.0092936803 | R73: 0.31226766 | S73: 0.67843866 | U73: 30 - 39 | V73: 0.0077599586 | W73: 0.30884635 | X73: 0.68339369 | Z73: 30 - 39 | AA73: 0.00051733057 | AB73: 0.082255561 | AC73: 0.91722711
A74: 40 - 49 | B74: 0.075949367 | C74: 0.49367089 | D74: 0.43037975 | F74: 40 - 49 | G74: 0 | H74: 0.032911392 | I74: 0.96708861 | K74: 40 - 49 | L74: 0.015189873 | M74: 0.32405063 | N74: 0.66075949 | P74: 40 - 49 | Q74: 0.0069124424 | R74: 0.28801843 | S74: 0.70506912 | U74: 40 - 49 | V74: 0.012434555 | W74: 0.30497382 | X74: 0.68259162 | Z74: 40 - 49 | AA74: 0 | AB74: 0.077930583 | AC74: 0.92206942
A75: 50 - 54 | B75: 0.064516129 | C75: 0.5483871 | D75: 0.38709677 | F75: 50 - 54 | G75: 0 | H75: 0.025806452 | I75: 0.97419355 | K75: 50 - 54 | L75: 0.038709677 | M75: 0.27741935 | N75: 0.68387097 | P75: 50 - 54 | Q75: 0 | R75: 0.33070866 | S75: 0.66929134 | U75: 50 - 54 | V75: 0.012552301 | W75: 0.27615063 | X75: 0.71129707 | Z75: 50 - 54 | AA75: 0 | AB75: 0.081589958 | AC75: 0.91841004
A76: 55 - 64 | B76: 0.11111111 | C76: 0.55555556 | D76: 0.33333333 | F76: 55 - 64 | G76: 0 | H76: 0.066666667 | I76: 0.93333333 | K76: 55 - 64 | L76: 0.0074074074 | M76: 0.31111111 | N76: 0.68148148 | P76: 55 - 64 | Q76: 0 | R76: 0.32051282 | S76: 0.67948718 | U76: 55 - 64 | V76: 0.0066445183 | W76: 0.32890365 | X76: 0.66445183 | Z76: 55 - 64 | AA76: 0.0033222591 | AB76: 0.093023256 | AC76: 0.90365449
A78: TRU1 | B78: Oppose | C78: Neutral | D78: Support | F78: TRU1 | G78: Oppose | H78: Neutral | I78: Support | K78: TRU1 | L78: Oppose | M78: Neutral | N78: Support | P78: TRU1 | Q78: Oppose | R78: Neutral | S78: Support | U78: TRU1 | V78: Oppose | W78: Neutral | X78: Support | Z78: TRU1 | AA78: Oppose | AB78: Neutral | AC78: Support
A79: 18 - 24 | B79: 0.054545455 | C79: 0.52727273 | D79: 0.41818182 | F79: 18 - 24 | G79: 0.0037037037 | H79: 0.42450543 | I79: 0.57179086 | K79: 18 - 24 | L79: 0.029090909 | M79: 0.68 | N79: 0.29090909 | P79: 18 - 24 | Q79: 0 | R79: 0.69387755 | S79: 0.30612245 | U79: 18 - 24 | V79: 0.021978022 | W79: 0.65934066 | X79: 0.31868132 | Z79: 18 - 24 | AA79: 0.0054945055 | AB79: 0.58791209 | AC79: 0.40659341
A80: 25 - 29 | B80: 0.050632911 | C80: 0.56962025 | D80: 0.37974684 | F80: 25 - 29 | G80: 0.0050632911 | H80: 0.52022071 | I80: 0.474716 | K80: 25 - 29 | L80: 0.02278481 | M80: 0.63193768 | N80: 0.34527751 | P80: 25 - 29 | Q80: 0.012738854 | R80: 0.78343949 | S80: 0.20382166 | U80: 25 - 29 | V80: 0.01559792 | W80: 0.67071057 | X80: 0.31369151 | Z80: 25 - 29 | AA80: 0.0051993068 | AB80: 0.5389948 | AC80: 0.45580589
A81: 30 - 39 | B81: 0.14393939 | C81: 0.57575758 | D81: 0.28030303 | F81: 30 - 39 | G81: 0.0045570206 | H81: 0.44230858 | I81: 0.5531344 | K81: 30 - 39 | L81: 0.021212121 | M81: 0.67272727 | N81: 0.30606061 | P81: 30 - 39 | Q81: 0.024163569 | R81: 0.65613383 | S81: 0.3197026 | U81: 30 - 39 | V81: 0.015002587 | W81: 0.69891361 | X81: 0.28608381 | Z81: 30 - 39 | AA81: 0.0057142857 | AB81: 0.53246753 | AC81: 0.46181818
A82: 40 - 49 | B82: 0.18987342 | C82: 0.5443038 | D82: 0.26582278 | F82: 40 - 49 | G82: 0.0025316456 | H82: 0.44148004 | I82: 0.55598832 | K82: 40 - 49 | L82: 0.027848101 | M82: 0.66835443 | N82: 0.30379747 | P82: 40 - 49 | Q82: 0.011520737 | R82: 0.66359447 | S82: 0.32488479 | U82: 40 - 49 | V82: 0.016361257 | W82: 0.68390052 | X82: 0.29973822 | Z82: 40 - 49 | AA82: 0.0052596976 | AB82: 0.5443787 | AC82: 0.4503616
A83: 50 - 54 | B83: 0.29032258 | C83: 0.35483871 | D83: 0.35483871 | F83: 50 - 54 | G83: 0 | H83: 0.49032258 | I83: 0.50967742 | K83: 50 - 54 | L83: 0.019354839 | M83: 0.64516129 | N83: 0.33548387 | P83: 50 - 54 | Q83: 0.0078740157 | R83: 0.69291339 | S83: 0.2992126 | U83: 50 - 54 | V83: 0.0083682008 | W83: 0.69246862 | X83: 0.29916318 | Z83: 50 - 54 | AA83: 0.0041928721 | AB83: 0.54507338 | AC83: 0.45073375
A84: 55 - 64 | B84: 0.25925926 | C84: 0.51851852 | D84: 0.22222222 | F84: 55 - 64 | G84: 0 | H84: 0.4962963 | I84: 0.5037037 | K84: 55 - 64 | L84: 0.022222222 | M84: 0.6 | N84: 0.37777778 | P84: 55 - 64 | Q84: 0.038461538 | R84: 0.70512821 | S84: 0.25641026 | U84: 55 - 64 | V84: 0.013289037 | W84: 0.69767442 | X84: 0.28903654 | Z84: 55 - 64 | AA84: 0 | AB84: 0.56666667 | AC84: 0.43333333
A86: TRU2 | B86: Oppose | C86: Neutral | D86: Support | F86: TRU2 | G86: Oppose | H86: Neutral | I86: Support | K86: TRU2 | L86: Oppose | M86: Neutral | N86: Support | P86: TRU2 | Q86: Oppose | R86: Neutral | S86: Support | U86: TRU2 | V86: Oppose | W86: Neutral | X86: Support | Z86: TRU2 | AA86: Oppose | AB86: Neutral | AC86: Support
A87: 18 - 24 | B87: 0.018181818 | C87: 0.25454545 | D87: 0.72727273 | F87: 18 - 24 | G87: 0 | H87: 0.044521949 | I87: 0.95547805 | K87: 18 - 24 | L87: 0.018181818 | M87: 0.65090909 | N87: 0.33090909 | P87: 18 - 24 | Q87: 0 | R87: 0.7755102 | S87: 0.2244898 | U87: 18 - 24 | V87: 0.010989011 | W87: 0.68131868 | X87: 0.30769231 | Z87: 18 - 24 | AA87: 0.0054945055 | AB87: 0.15934066 | AC87: 0.83516484
A88: 25 - 29 | B88: 0.063291139 | C88: 0.41772152 | D88: 0.51898734 | F88: 25 - 29 | G88: 0 | H88: 0.050697825 | I88: 0.94930217 | K88: 25 - 29 | L88: 0.017786433 | M88: 0.67250893 | N88: 0.30970464 | P88: 25 - 29 | Q88: 0.012738854 | R88: 0.57324841 | S88: 0.41401274 | U88: 25 - 29 | V88: 0.017301038 | W88: 0.67301038 | X88: 0.30968858 | Z88: 25 - 29 | AA88: 0 | AB88: 0.12695652 | AC88: 0.87304348
A89: 30 - 39 | B89: 0.17424242 | C89: 0.5 | D89: 0.32575758 | F89: 30 - 39 | G89: 0 | H89: 0.030337728 | I89: 0.96966227 | K89: 30 - 39 | L89: 0.013636364 | M89: 0.68030303 | N89: 0.30606061 | P89: 30 - 39 | Q89: 0.011173184 | R89: 0.63314711 | S89: 0.3556797 | U89: 30 - 39 | V89: 0.014500259 | W89: 0.65147592 | X89: 0.33402382 | Z89: 30 - 39 | AA89: 0.0010405827 | AB89: 0.12955255 | AC89: 0.86940687
A90: 40 - 49 | B90: 0.29113924 | C90: 0.44303797 | D90: 0.26582278 | F90: 40 - 49 | G90: 0 | H90: 0.055761117 | I90: 0.94423888 | K90: 40 - 49 | L90: 0.017721519 | M90: 0.65063291 | N90: 0.33164557 | P90: 40 - 49 | Q90: 0.034562212 | R90: 0.6797235 | S90: 0.28571429 | U90: 40 - 49 | V90: 0.013097577 | W90: 0.67714473 | X90: 0.30975769 | Z90: 40 - 49 | AA90: 0.0019749835 | AB90: 0.14351547 | AC90: 0.85450955
A91: 50 - 54 | B91: 0.35483871 | C91: 0.48387097 | D91: 0.16129032 | F91: 50 - 54 | G91: 0 | H91: 0.04516129 | I91: 0.95483871 | K91: 50 - 54 | L91: 0.025806452 | M91: 0.68387097 | N91: 0.29032258 | P91: 50 - 54 | Q91: 0.0078740157 | R91: 0.72440945 | S91: 0.26771654 | U91: 50 - 54 | V91: 0.016736402 | W91: 0.64225941 | X91: 0.34100418 | Z91: 50 - 54 | AA91: 0 | AB91: 0.15303983 | AC91: 0.84696017
A92: 55 - 64 | B92: 0.25925926 | C92: 0.55555556 | D92: 0.18518519 | F92: 55 - 64 | G92: 0 | H92: 0.066666667 | I92: 0.93333333 | K92: 55 - 64 | L92: 0.022222222 | M92: 0.65185185 | N92: 0.32592593 | P92: 55 - 64 | Q92: 0.025641026 | R92: 0.69230769 | S92: 0.28205128 | U92: 55 - 64 | V92: 0.026578073 | W92: 0.6179402 | X92: 0.35548173 | Z92: 55 - 64 | AA92: 0 | AB92: 0.12374582 | AC92: 0.87625418
A94: TRU3 | B94: Oppose | C94: Neutral | D94: Support | F94: TRU3 | G94: Oppose | H94: Neutral | I94: Support | K94: TRU3 | L94: Oppose | M94: Neutral | N94: Support | P94: TRU3 | Q94: Oppose | R94: Neutral | S94: Support | U94: TRU3 | V94: Oppose | W94: Neutral | X94: Support | Z94: TRU3 | AA94: Oppose | AB94: Neutral | AC94: Support
A95: 18 - 24 | B95: 0.054545455 | C95: 0.50909091 | D95: 0.43636364 | F95: 18 - 24 | G95: 0 | H95: 0.34705419 | I95: 0.65294581 | K95: 18 - 24 | L95: 0.058383838 | M95: 0.80255892 | N95: 0.13905724 | P95: 18 - 24 | Q95: 0.020408163 | R95: 0.81632653 | S95: 0.16326531 | U95: 18 - 24 | V95: 0.027472527 | W95: 0.78571429 | X95: 0.18681319 | Z95: 18 - 24 | AA95: 0.010989011 | AB95: 0.60989011 | AC95: 0.37912088
A96: 25 - 29 | B96: 0.12658228 | C96: 0.58227848 | D96: 0.29113924 | F96: 25 - 29 | G96: 0 | H96: 0.47205453 | I96: 0.52794547 | K96: 25 - 29 | L96: 0.038169426 | M96: 0.7837715 | N96: 0.17805907 | P96: 25 - 29 | Q96: 0.031847134 | R96: 0.84076433 | S96: 0.12738854 | U96: 25 - 29 | V96: 0.029411765 | W96: 0.83391003 | X96: 0.1366782 | Z96: 25 - 29 | AA96: 0.012173913 | AB96: 0.55652174 | AC96: 0.43130435
A97: 30 - 39 | B97: 0.1969697 | C97: 0.53787879 | D97: 0.26515152 | F97: 30 - 39 | G97: 0 | H97: 0.41945408 | I97: 0.58054592 | K97: 30 - 39 | L97: 0.037878788 | M97: 0.81666667 | N97: 0.14545455 | P97: 30 - 39 | Q97: 0.040968343 | R97: 0.79888268 | S97: 0.16014898 | U97: 30 - 39 | V97: 0.041947178 | W97: 0.8166753 | X97: 0.14137752 | Z97: 30 - 39 | AA97: 0.0026014568 | AB97: 0.55306972 | AC97: 0.44432882
A98: 40 - 49 | B98: 0.20253165 | C98: 0.56962025 | D98: 0.2278481 | F98: 40 - 49 | G98: 0.0025316456 | H98: 0.40840636 | I98: 0.58906199 | K98: 40 - 49 | L98: 0.060759494 | M98: 0.76962025 | N98: 0.16962025 | P98: 40 - 49 | Q98: 0.029953917 | R98: 0.81105991 | S98: 0.15898618 | U98: 40 - 49 | V98: 0.032089064 | W98: 0.8081205 | X98: 0.15979044 | Z98: 40 - 49 | AA98: 0.0019749835 | AB98: 0.5674786 | AC98: 0.43054641
A99: 50 - 54 | B99: 0.32258065 | C99: 0.4516129 | D99: 0.22580645 | F99: 50 - 54 | G99: 0.0064516129 | H99: 0.40645161 | I99: 0.58709677 | K99: 50 - 54 | L99: 0.019354839 | M99: 0.83225806 | N99: 0.1483871 | P99: 50 - 54 | Q99: 0.039370079 | R99: 0.81102362 | S99: 0.1496063 | U99: 50 - 54 | V99: 0.048117155 | W99: 0.78451883 | X99: 0.16736402 | Z99: 50 - 54 | AA99: 0.0021008403 | AB99: 0.55252101 | AC99: 0.44537815
A100: 55 - 64 | B100: 0.25925926 | C100: 0.48148148 | D100: 0.25925926 | F100: 55 - 64 | G100: 0 | H100: 0.43703704 | I100: 0.56296296 | K100: 55 - 64 | L100: 0.037037037 | M100: 0.78518519 | N100: 0.17777778 | P100: 55 - 64 | Q100: 0.025641026 | R100: 0.84615385 | S100: 0.12820513 | U100: 55 - 64 | V100: 0.059800664 | W100: 0.80730897 | X100: 0.13289037 | Z100: 55 - 64 | AA100: 0 | AB100: 0.56856187 | AC100: 0.43143813
A102: TRU4 | B102: Oppose | C102: Neutral | D102: Support | F102: TRU4 | G102: Oppose | H102: Neutral | I102: Support | K102: TRU4 | L102: Oppose | M102: Neutral | N102: Support | P102: TRU4 | Q102: Oppose | R102: Neutral | S102: Support | U102: TRU4 | V102: Oppose | W102: Neutral | X102: Support | Z102: TRU4 | AA102: Oppose | AB102: Neutral | AC102: Support
A103: 18 - 24 | B103: 0.018181818 | C103: 0.56363636 | D103: 0.41818182 | F103: 18 - 24 | G103: 0 | H103: 0.43925545 | I103: 0.56074455 | K103: 18 - 24 | L103: 0.073063973 | M103: 0.86861953 | N103: 0.058316498 | P103: 18 - 24 | Q103: 0.06122449 | R103: 0.91836735 | S103: 0.020408163 | U103: 18 - 24 | V103: 0.065934066 | W103: 0.80769231 | X103: 0.12637363 | Z103: 18 - 24 | AA103: 0.0054945055 | AB103: 0.57692308 | AC103: 0.41758242
A104: 25 - 29 | B104: 0.050632911 | C104: 0.62025316 | D104: 0.32911392 | F104: 25 - 29 | G104: 0 | H104: 0.47971438 | I104: 0.52028562 | K104: 25 - 29 | L104: 0.048296008 | M104: 0.86510873 | N104: 0.086595261 | P104: 25 - 29 | Q104: 0.076433121 | R104: 0.81528662 | S104: 0.10828025 | U104: 25 - 29 | V104: 0.062283737 | W104: 0.84602076 | X104: 0.091695502 | Z104: 25 - 29 | AA104: 0 | AB104: 0.5026087 | AC104: 0.4973913
A105: 30 - 39 | B105: 0.13636364 | C105: 0.56818182 | D105: 0.29545455 | F105: 30 - 39 | G105: 0 | H105: 0.46498959 | I105: 0.53501041 | K105: 30 - 39 | L105: 0.05 | M105: 0.87121212 | N105: 0.078787879 | P105: 30 - 39 | Q105: 0.048417132 | R105: 0.85288641 | S105: 0.098696462 | U105: 30 - 39 | V105: 0.062143967 | W105: 0.84981875 | X105: 0.088037286 | Z105: 30 - 39 | AA105: 0.00052029136 | AB105: 0.53485952 | AC105: 0.46462019
A106: 40 - 49 | B106: 0.15189873 | C106: 0.58227848 | D106: 0.26582278 | F106: 40 - 49 | G106: 0 | H106: 0.50266147 | I106: 0.49733853 | K106: 40 - 49 | L106: 0.060759494 | M106: 0.86075949 | N106: 0.078481013 | P106: 40 - 49 | Q106: 0.043778802 | R106: 0.87557604 | S106: 0.080645161 | U106: 40 - 49 | V106: 0.053045187 | W106: 0.85723641 | X106: 0.089718402 | Z106: 40 - 49 | AA106: 0 | AB106: 0.56287031 | AC106: 0.43712969
A107: 50 - 54 | B107: 0.22580645 | C107: 0.51612903 | D107: 0.25806452 | F107: 50 - 54 | G107: 0 | H107: 0.46451613 | I107: 0.53548387 | K107: 50 - 54 | L107: 0.10967742 | M107: 0.77419355 | N107: 0.11612903 | P107: 50 - 54 | Q107: 0.070866142 | R107: 0.85826772 | S107: 0.070866142 | U107: 50 - 54 | V107: 0.037656904 | W107: 0.86192469 | X107: 0.10041841 | Z107: 50 - 54 | AA107: 0 | AB107: 0.53571429 | AC107: 0.46428571
A108: 55 - 64 | B108: 0.14814815 | C108: 0.66666667 | D108: 0.18518519 | F108: 55 - 64 | G108: 0 | H108: 0.54074074 | I108: 0.45925926 | K108: 55 - 64 | L108: 0.066666667 | M108: 0.82222222 | N108: 0.11111111 | P108: 55 - 64 | Q108: 0.08974359 | R108: 0.82051282 | S108: 0.08974359 | U108: 55 - 64 | V108: 0.029900332 | W108: 0.88704319 | X108: 0.083056478 | Z108: 55 - 64 | AA108: 0 | AB108: 0.57190635 | AC108: 0.42809365
A110: TRU2 | B110: Oppose | C110: Neutral | D110: Support | F110: TRU2 | G110: Oppose | H110: Neutral | I110: Support | K110: TRU2 | L110: Oppose | M110: Neutral | N110: Support | P110: TRU2 | Q110: Oppose | R110: Neutral | S110: Support | U110: TRU2 | V110: Oppose | W110: Neutral | X110: Support | Z110: TRU2 | AA110: Oppose | AB110: Neutral | AC110: Support
A111: Below 12 million VND | B111: 0.14634146 | C111: 0.31707317 | D111: 0.53658537 | F111: Below 12 million VND | G111: 0 | H111: 0.044390244 | I111: 0.95560976 | K111: Below 12 million VND | L111: 0.0097560976 | M111: 0.69756098 | N111: 0.29268293 | P111: Below 12 million VND | Q111: #DIV/0! | R111: #DIV/0! | S111: #DIV/0! | U111: Below 12 million VND | V111: #DIV/0! | W111: #DIV/0! | X111: #DIV/0! | Z111: Below 12 million VND | AA111: #DIV/0! | AB111: #DIV/0! | AC111: #DIV/0!
A112: From 12 - 18 million VND | B112: 0.10126582 | C112: 0.27848101 | D112: 0.62025316 | F112: From 12 - 18 million VND | G112: 0 | H112: 0.053294385 | I112: 0.94670562 | K112: From 12 - 18 million VND | L112: 0.025316456 | M112: 0.62531646 | N112: 0.34936709 | P112: From 12 - 18 million VND | Q112: 0.019955654 | R112: 0.64079823 | S112: 0.33924612 | U112: From 12 - 18 million VND | V112: 0.017064846 | W112: 0.66087496 | X112: 0.32206019 | Z112: From 12 - 18 million VND | AA112: 0.0012476606 | AB112: 0.13661884 | AC112: 0.8621335
A113: From 18 - 23 million VND | B113: 0.048780488 | C113: 0.3902439 | D113: 0.56097561 | F113: From 18 - 23 million VND | G113: 0 | H113: 0.045 | I113: 0.955 | K113: From 18 - 23 million VND | L113: 0.0097560976 | M113: 0.77073171 | N113: 0.2195122 | P113: From 18 - 23 million VND | Q113: 0.033472803 | R113: 0.64435146 | S113: 0.32217573 | U113: From 18 - 23 million VND | V113: 0.013292434 | W113: 0.65541922 | X113: 0.33128834 | Z113: From 18 - 23 million VND | AA113: 0 | AB113: 0.13831967 | AC113: 0.86168033
A114: From 23 - 32 million VND | B114: 0.075471698 | C114: 0.49056604 | D114: 0.43396226 | F114: From 23 - 32 million VND | G114: 0 | H114: 0.033962264 | I114: 0.96603774 | K114: From 23 - 32 million VND | L114: 0.018940493 | M114: 0.63265602 | N114: 0.34840348 | P114: From 23 - 32 million VND | Q114: 0 | R114: 0.71052632 | S114: 0.28947368 | U114: From 23 - 32 million VND | V114: 0.010330579 | W114: 0.65909091 | X114: 0.33057851 | Z114: From 23 - 32 million VND | AA114: 0.0020790021 | AB114: 0.13305613 | AC114: 0.86486486
A115: From 32 - 48 million VND | B115: 0.11320755 | C115: 0.66037736 | D115: 0.22641509 | F115: From 32 - 48 million VND | G115: 0 | H115: 0.033962264 | I115: 0.96603774 | K115: From 32 - 48 million VND | L115: 0.022641509 | M115: 0.71698113 | N115: 0.26037736 | P115: From 32 - 48 million VND | Q115: 0 | R115: 0.74137931 | S115: 0.25862069 | U115: From 32 - 48 million VND | V115: 0.010050251 | W115: 0.65829146 | X115: 0.33165829 | Z115: From 32 - 48 million VND | AA115: 0.0050251256 | AB115: 0.11557789 | AC115: 0.87939698
A116: From 48 - 70 million VND | B116: 0.17741935 | C116: 0.59677419 | D116: 0.22580645 | F116: From 48 - 70 million VND | G116: 0 | H116: 0.035589635 | I116: 0.96441036 | K116: From 48 - 70 million VND | L116: 0.012903226 | M116: 0.64193548 | N116: 0.34516129 | P116: From 48 - 70 million VND | Q116: 0 | R116: 0.84210526 | S116: 0.15789474 | U116: From 48 - 70 million VND | V116: 0.014492754 | W116: 0.63768116 | X116: 0.34782609 | Z116: From 48 - 70 million VND | AA116: 0 | AB116: 0.10144928 | AC116: 0.89855072
A117: From 70 - 102 million VND | B117: 0.41025641 | C117: 0.46153846 | D117: 0.12820513 | F117: From 70 - 102 million VND | G117: 0 | H117: 0.05168691 | I117: 0.94831309 | K117: From 70 - 102 million VND | L117: 0.020512821 | M117: 0.67179487 | N117: 0.30769231 | P117: From 70 - 102 million VND | Q117: 0 | R117: 0.8 | S117: 0.2 | U117: From 70 - 102 million VND | V117: 0 | W117: 0.77777778 | X117: 0.22222222 | Z117: From 70 - 102 million VND | AA117: 0 | AB117: 0.38888889 | AC117: 0.61111111
...

Sheet Human - Insights
A1: Demographic Analytics
A2: Human Survey
A3: ENF1 | B3: Oppose | C3: Neutral | D3: Support | E3: =SUM(E4:E5) -> 394 | G3: ENF1 | H3: Oppose | I3: Neutral | J3: Support
A4: Chính thức | B4: 52 | C4: 167 | D4: 158 | E4: 377 | G4: ENF1-Formal | H4: 0.13793103 | I4: 0.44297082 | J4: 0.41909814
A5: Phi chính thức | B5: 2 | C5: 8 | D5: 7 | E5: 17 | G5: ENF1-Informal | H5: 0.11764706 | I5: 0.47058824 | J5: 0.41176471
A7: ENF2 | B7: Oppose | C7: Neutral | D7: Support | E7: =SUM(E8:E9) -> 394 | G7: ENF2 | H7: Oppose | I7: Neutral | J7: Support
A8: Chính thức | B8: 40 | C8: 157 | D8: 180 | E8: 377 | G8: ENF2-Formal | H8: 0.1061008 | I8: 0.41644562 | J8: 0.47745358
A9: Phi chính thức | B9: 3 | C9: 5 | D9: 9 | E9: 17 | G9: ÈNF2-Informal | H9: 0.17647059 | I9: 0.29411765 | J9: 0.52941176
A11: FAC1 | B11: Oppose | C11: Neutral | D11: Support | E11: =SUM(E12:E13) -> 394 | G11: FAC1 | H11: Oppose | I11: Neutral | J11: Support
A12: Chính thức | B12: 73 | C12: 166 | D12: 138 | E12: 377 | G12: Formal | H12: 0.19363395 | I12: 0.4403183 | J12: 0.36604775
A13: Phi chính thức | B13: 7 | C13: 7 | D13: 3 | E13: 17 | G13: Informal | H13: 0.41176471 | I13: 0.41176471 | J13: 0.17647059
A15: FAC2 | B15: Oppose | C15: Neutral | D15: Support | E15: =SUM(E16:E21) -> 403 | G15: FAC2 | H15: Oppose | I15: Neutral | J15: Support
A16: 18 - 24 | B16: 1 | C16: 17 | D16: 37 | E16: 55 | G16: 18 - 24 | H16: 0.018181818 | I16: 0.30909091 | J16: 0.67272727
A17: 25 - 29 | B17: 1 | C17: 36 | D17: 42 | E17: 79 | G17: 25 - 29 | H17: 0.012658228 | I17: 0.4556962 | J17: 0.53164557
A18: 30 - 39 | B18: 8 | C18: 61 | D18: 63 | E18: 132 | G18: 30 - 39 | H18: 0.060606061 | I18: 0.46212121 | J18: 0.47727273
A19: 40 - 49 | B19: 6 | C19: 39 | D19: 34 | E19: 79 | G19: 40 - 49 | H19: 0.075949367 | I19: 0.49367089 | J19: 0.43037975
A20: 50 - 54 | B20: 2 | C20: 17 | D20: 12 | E20: 31 | G20: 50 - 54 | H20: 0.064516129 | I20: 0.5483871 | J20: 0.38709677
A21: 55 - 64 | B21: 3 | C21: 15 | D21: 9 | E21: 27 | G21: 55 - 64 | H21: 0.11111111 | I21: 0.55555556 | J21: 0.33333333
A23: TRU1 | B23: Oppose | C23: Neutral | D23: Support | E23: =SUM(E24:E29) -> 403 | G23: TRU1 | H23: Oppose | I23: Neutral | J23: Support
A24: 18 - 24 | B24: 3 | C24: 29 | D24: 23 | E24: 55 | G24: 18 - 24 | H24: 0.054545455 | I24: 0.52727273 | J24: 0.41818182
A25: 25 - 29 | B25: 4 | C25: 45 | D25: 30 | E25: 79 | G25: 25 - 29 | H25: 0.050632911 | I25: 0.56962025 | J25: 0.37974684
A26: 30 - 39 | B26: 19 | C26: 76 | D26: 37 | E26: 132 | G26: 30 - 39 | H26: 0.14393939 | I26: 0.57575758 | J26: 0.28030303
A27: 40 - 49 | B27: 15 | C27: 43 | D27: 21 | E27: 79 | G27: 40 - 49 | H27: 0.18987342 | I27: 0.5443038 | J27: 0.26582278
A28: 50 - 54 | B28: 9 | C28: 11 | D28: 11 | E28: 31 | G28: 50 - 54 | H28: 0.29032258 | I28: 0.35483871 | J28: 0.35483871
A29: 55 - 64 | B29: 7 | C29: 14 | D29: 6 | E29: 27 | G29: 55 - 64 | H29: 0.25925926 | I29: 0.51851852 | J29: 0.22222222
A32: TRU2 | B32: Oppose | C32: Neutral | D32: Support | E32: =SUM(E33:E38) -> 403 | G32: TRU2 | H32: Oppose | I32: Neutral | J32: Support
A33: 18 - 24 | B33: 1 | C33: 14 | D33: 40 | E33: 55 | G33: 18 - 24 | H33: 0.018181818 | I33: 0.25454545 | J33: 0.72727273
A34: 25 - 29 | B34: 5 | C34: 33 | D34: 41 | E34: 79 | G34: 25 - 29 | H34: 0.063291139 | I34: 0.41772152 | J34: 0.51898734
A35: 30 - 39 | B35: 23 | C35: 66 | D35: 43 | E35: 132 | G35: 30 - 39 | H35: 0.17424242 | I35: 0.5 | J35: 0.32575758
A36: 40 - 49 | B36: 23 | C36: 35 | D36: 21 | E36: 79 | G36: 40 - 49 | H36: 0.29113924 | I36: 0.44303797 | J36: 0.26582278
A37: 50 - 54 | B37: 11 | C37: 15 | D37: 5 | E37: 31 | G37: 50 - 54 | H37: 0.35483871 | I37: 0.48387097 | J37: 0.16129032
A38: 55 - 64 | B38: 7 | C38: 15 | D38: 5 | E38: 27 | G38: 55 - 64 | H38: 0.25925926 | I38: 0.55555556 | J38: 0.18518519
A40: TRU3 | B40: Oppose | C40: Neutral | D40: Support | E40: =SUM(E41:E46) -> 403 | G40: TRU3 | H40: Oppose | I40: Neutral | J40: Support
A41: 18 - 24 | B41: 3 | C41: 28 | D41: 24 | E41: 55 | G41: 18 - 24 | H41: 0.054545455 | I41: 0.50909091 | J41: 0.43636364
A42: 25 - 29 | B42: 10 | C42: 46 | D42: 23 | E42: 79 | G42: 25 - 29 | H42: 0.12658228 | I42: 0.58227848 | J42: 0.29113924
A43: 30 - 39 | B43: 26 | C43: 71 | D43: 35 | E43: 132 | G43: 30 - 39 | H43: 0.1969697 | I43: 0.53787879 | J43: 0.26515152
A44: 40 - 49 | B44: 16 | C44: 45 | D44: 18 | E44: 79 | G44: 40 - 49 | H44: 0.20253165 | I44: 0.56962025 | J44: 0.2278481
A45: 50 - 54 | B45: 10 | C45: 14 | D45: 7 | E45: 31 | G45: 50 - 54 | H45: 0.32258065 | I45: 0.4516129 | J45: 0.22580645
A46: 55 - 64 | B46: 7 | C46: 13 | D46: 7 | E46: 27 | G46: 55 - 64 | H46: 0.25925926 | I46: 0.48148148 | J46: 0.25925926
A48: TRU4 | B48: Oppose | C48: Neutral | D48: Support | E48: =SUM(E49:E54) -> 403 | G48: TRU4 | H48: Oppose | I48: Neutral | J48: Support
A49: 18 - 24 | B49: 1 | C49: 31 | D49: 23 | E49: 55 | G49: 18 - 24 | H49: 0.018181818 | I49: 0.56363636 | J49: 0.41818182
A50: 25 - 29 | B50: 4 | C50: 49 | D50: 26 | E50: 79 | G50: 25 - 29 | H50: 0.050632911 | I50: 0.62025316 | J50: 0.32911392
A51: 30 - 39 | B51: 18 | C51: 75 | D51: 39 | E51: 132 | G51: 30 - 39 | H51: 0.13636364 | I51: 0.56818182 | J51: 0.29545455
A52: 40 - 49 | B52: 12 | C52: 46 | D52: 21 | E52: 79 | G52: 40 - 49 | H52: 0.15189873 | I52: 0.58227848 | J52: 0.26582278
A53: 50 - 54 | B53: 7 | C53: 16 | D53: 8 | E53: 31 | G53: 50 - 54 | H53: 0.22580645 | I53: 0.51612903 | J53: 0.25806452
A54: 55 - 64 | B54: 4 | C54: 18 | D54: 5 | E54: 27 | G54: 55 - 64 | H54: 0.14814815 | I54: 0.66666667 | J54: 0.18518519
A56: TRU2 | B56: Oppose | C56: Neutral | D56: Support | E56: =SUM(E57:E62) -> 329 | G56: TRU2 | H56: Oppose | I56: Neutral | J56: Support
A57: Dưới 12 triệu VNĐ | B57: 6 | C57: 13 | D57: 22 | E57: 41 | G57: Below 12 million VND | H57: 0.14634146 | I57: 0.31707317 | J57: 0.53658537
A58: Từ 12 - 18 triệu VNĐ | B58: 8 | C58: 22 | D58: 49 | E58: 79 | G58: From 12 - 18 million VND | H58: 0.10126582 | I58: 0.27848101 | J58: 0.62025316
A59: Từ 18 - 23 triệu VNĐ | B59: 2 | C59: 16 | D59: 23 | E59: 41 | G59: From 18 - 23 million VND | H59: 0.048780488 | I59: 0.3902439 | J59: 0.56097561
A60: Từ 23 - 32 triệu VNĐ | B60: 4 | C60: 26 | D60: 23 | E60: 53 | G60: From 23 - 32 million VND | H60: 0.075471698 | I60: 0.49056604 | J60: 0.43396226
A61: Từ 32 - 48 triệu VNĐ | B61: 6 | C61: 35 | D61: 12 | E61: 53 | G61: From 32 - 48 million VND | H61: 0.11320755 | I61: 0.66037736 | J61: 0.22641509
A62: Từ 48 - 70 triệu VNĐ | B62: 11 | C62: 37 | D62: 14 | E62: 62 | G62: From 48 - 70 million VND | H62: 0.17741935 | I62: 0.59677419 | J62: 0.22580645
A63: Từ 70 - 102 triệu VNĐ | B63: 16 | C63: 18 | D63: 5 | E63: 39 | G63: From 70 - 102 million VND | H63: 0.41025641 | I63: 0.46153846 | J63: 0.12820513
A64: Trên 102 triệu VNĐ | B64: 17 | C64: 11 | D64: 7 | E64: 35 | G64: Above 102 million VND | H64: 0.48571429 | I64: 0.31428571 | J64: 0.2
A66: TRU3 | B66: Oppose | C66: Neutral | D66: Support | E66: =SUM(E67:E72) -> 329 | G66: TRU3 | H66: Oppose | I66: Neutral | J66: Support
A67: Dưới 12 triệu VNĐ | B67: 4 | C67: 17 | D67: 20 | E67: 41 | G67: Dưới 12 triệu VNĐ | H67: 0.097560976 | I67: 0.41463415 | J67: 0.48780488
A68: Từ 12 - 18 triệu VNĐ | B68: 11 | C68: 31 | D68: 37 | E68: 79 | G68: Từ 12 - 18 triệu VNĐ | H68: 0.13924051 | I68: 0.39240506 | J68: 0.46835443
A69: Từ 18 - 23 triệu VNĐ | B69: 5 | C69: 21 | D69: 15 | E69: 41 | G69: Từ 18 - 23 triệu VNĐ | H69: 0.12195122 | I69: 0.51219512 | J69: 0.36585366
A70: Từ 23 - 32 triệu VNĐ | B70: 9 | C70: 35 | D70: 9 | E70: 53 | G70: Từ 23 - 32 triệu VNĐ | H70: 0.16981132 | I70: 0.66037736 | J70: 0.16981132
A71: Từ 32 - 48 triệu VNĐ | B71: 9 | C71: 35 | D71: 9 | E71: 53 | G71: Từ 32 - 48 triệu VNĐ | H71: 0.16981132 | I71: 0.66037736 | J71: 0.16981132
A72: Từ 48 - 70 triệu VNĐ | B72: 7 | C72: 41 | D72: 14 | E72: 62 | G72: Từ 48 - 70 triệu VNĐ | H72: 0.11290323 | I72: 0.66129032 | J72: 0.22580645
A73: Từ 70 - 102 triệu VNĐ | B73: 14 | C73: 20 | D73: 5 | E73: 39 | G73: Từ 70 - 102 triệu VNĐ | H73: 0.35897436 | I73: 0.51282051 | J73: 0.12820513
A74: Trên 102 triệu VNĐ | B74: 13 | C74: 17 | D74: 5 | E74: 35 | G74: Trên 102 triệu VNĐ | H74: 0.37142857 | I74: 0.48571429 | J74: 0.14285714
A76: OUT | B76: Oppose | C76: Neutral | D76: Support | E76: =SUM(E77:E82) -> 403 | G76: OUT | H76: Oppose | I76: Neutral | J76: Support
A77: 18 - 24 | B77: 1 | C77: 16 | D77: 38 | E77: 55 | G77: 18 - 24 | H77: 0.018181818 | I77: 0.29090909 | J77: 0.69090909
A78: 25 - 29 | B78: 2 | C78: 32 | D78: 45 | E78: 79 | G78: 25 - 29 | H78: 0.025316456 | I78: 0.40506329 | J78: 0.56962025
A79: 30 - 39 | B79: 9 | C79: 74 | D79: 49 | E79: 132 | G79: 30 - 39 | H79: 0.068181818 | I79: 0.56060606 | J79: 0.37121212
A80: 40 - 49 | B80: 11 | C80: 40 | D80: 28 | E80: 79 | G80: 40 - 49 | H80: 0.13924051 | I80: 0.50632911 | J80: 0.35443038
A81: 50 - 54 | B81: 9 | C81: 14 | D81: 8 | E81: 31 | G81: 50 - 54 | H81: 0.29032258 | I81: 0.4516129 | J81: 0.25806452
A82: 55 - 64 | B82: 3 | C82: 18 | D82: 6 | E82: 27 | G82: 55 - 64 | H82: 0.11111111 | I82: 0.66666667 | J82: 0.22222222

Sheet Validation - Summary
A1: Validation - Summary
A2: Metric | B2: MAE (Intensity) | C2: Agreement Rate (%) | D2: MCC | E2: TVD | F2: EMD | G2: Human_Oppose (%) | H2: Human_Neutral (%) | I2: Human_Support (%) | J2: AI_Oppose (%) | K2: AI_Neutral (%) | L2: AI_Support (%)
A3: ENF1 | B3: =(B18+B32+B46+B60+B74)/5 -> 1.9151365 | C3: =(C18+C32+C46+C60+C74)/5 -> 0.43424318 | D3: =(D18+D32+D46+D60+D74)/5 -> 0.00097789611 | E3: =(E18+E32+E46+E60+E74)/5 -> 0.24218362 | F3: =(F18+F32+F46+F60+F74)/5 -> 0.95434243 | G3: =(G18+G32+G46+G60+G74)/5 -> 0.13647643 | H3: =(H18+H32+H46+H60+H74)/5 -> 0.44665012 | I3: =(I18+I32+I46+I60+I74)/5 -> 0.41687345 | ... L3: =(L18+L32+L46+L60+L74)/5 -> 0.29875931
A4: ENF2 | B4: =(B19+B33+B47+B61+B75)/5 -> 1.898263 | C4: =(C19+C33+C47+C61+C75)/5 -> 0.42452131 | D4: =(D19+D33+D47+D61+D75)/5 -> -0.027270302 | E4: =(E19+E33+E47+E61+E75)/5 -> 0.11092676 | F4: =(F19+F33+F47+F61+F75)/5 -> 0.73647643 | G4: =(G19+G33+G47+G61+G75)/5 -> 0.11166253 | H4: =(H19+H33+H47+H61+H75)/5 -> 0.41191067 | I4: =(I19+I33+I47+I61+I75)/5 -> 0.4764268 | ... L4: =(L19+L33+L47+L61+L75)/5 -> 0.4712023
A5: FAC1 | B5: =(B20+B34+B48+B62+B76)/5 -> 2.5975186 | C5: =(C20+C34+C48+C62+C76)/5 -> 0.3838043 | D5: =(D20+D34+D48+D62+D76)/5 -> 0.026828823 | E5: =(E20+E34+E48+E62+E76)/5 -> 0.44158365 | F5: =(F20+F34+F48+F62+F76)/5 -> 2.1890819 | G5: =(G20+G34+G48+G62+G76)/5 -> 0.20595533 | H5: =(H20+H34+H48+H62+H76)/5 -> 0.43920596 | I5: =(I20+I34+I48+I62+I76)/5 -> 0.35483871 | ... L5: =(L20+L34+L48+L62+L76)/5 -> 0.79642235
A6: FAC2 | B6: =(B21+B35+B49+B63+B77)/5 -> 1.8843672 | C6: =(C21+C35+C49+C63+C77)/5 -> 0.49254842 | D6: =(D21+D35+D49+D63+D77)/5 -> 0.025662422 | E6: =(E21+E35+E49+E63+E77)/5 -> 0.47442934 | F6: =(F21+F35+F49+F63+F77)/5 -> 1.546402 | G6: =(G21+G35+G49+G63+G77)/5 -> 0.052109181 | H6: =(H21+H35+H49+H63+H77)/5 -> 0.45905707 | I6: =(I21+I35+I49+I63+I77)/5 -> 0.48883375 | ... L6: =(L21+L35+L49+L63+L77)/5 -> 0.96326309
A7: TRU1 | B7: =(B22+B36+B50+B64+B78)/5 -> 2.1002481 | C7: =(C22+C36+C50+C64+C78)/5 -> 0.43547971 | D7: =(D22+D36+D50+D64+D78)/5 -> 0.028032426 | E7: =(E22+E36+E50+E64+E78)/5 -> 0.2164971 | F7: =(F22+F36+F50+F64+F78)/5 -> 1.4168734 | G7: =(G22+G36+G50+G64+G78)/5 -> 0.14143921 | H7: =(H22+H36+H50+H64+H78)/5 -> 0.54094293 | I7: =(I22+I36+I50+I64+I78)/5 -> 0.31761787 | ... L7: =(L22+L36+L50+L64+L78)/5 -> 0.53411496
A8: TRU2 | B8: =(B23+B37+B51+B65+B79)/5 -> 2.462531 | C8: =(C23+C37+C51+C65+C79)/5 -> 0.37866404 | D8: =(D23+D37+D51+D65+D79)/5 -> -0.027899709 | E8: =(E23+E37+E51+E65+E79)/5 -> 0.57053157 | F8: =(F23+F37+F51+F65+F79)/5 -> 2.169727 | G8: =(G23+G37+G51+G65+G79)/5 -> 0.17369727 | H8: =(H23+H37+H51+H65+H79)/5 -> 0.44168734 | I8: =(I23+I37+I51+I65+I79)/5 -> 0.38461538 | ... L8: =(L23+L37+L51+L65+L79)/5 -> 0.95514696
A9: TRU3 | B9: =(B24+B38+B52+B66+B80)/5 -> 2.462531 | C9: =(C24+C38+C52+C66+C80)/5 -> 0.40009057 | D9: =(D24+D38+D52+D66+D80)/5 -> 0.019436244 | E9: =(E24+E38+E52+E66+E80)/5 -> 0.2980784 | F9: =(F24+F38+F52+F66+F80)/5 -> 1.88933 | G9: =(G24+G38+G52+G66+G80)/5 -> 0.17866005 | H9: =(H24+H38+H52+H66+H80)/5 -> 0.53846154 | I9: =(I24+I38+I52+I66+I80)/5 -> 0.28287841 | ... L9: =(L24+L38+L52+L66+L80)/5 -> 0.58095681
A10: TRU4 | B10: =(B25+B39+B53+B67+B81)/5 -> 1.9776675 | C10: =(C25+C39+C53+C67+C81)/5 -> 0.43646233 | D10: =(D25+D39+D53+D67+D81)/5 -> 6.0542354e-05 | E10: =(E25+E39+E53+E67+E81)/5 -> 0.22042527 | F10: =(F25+F39+F53+F67+F81)/5 -> 1.2610422 | G10: =(G25+G39+G53+G67+G81)/5 -> 0.11414392 | H10: =(H25+H39+H53+H67+H81)/5 -> 0.58312655 | I10: =(I25+I39+I53+I67+I81)/5 -> 0.30272953 | ... L10: =(L25+L39+L53+L67+L81)/5 -> 0.5231548
A11: OUT1 | B11: =(B26+B40+B54+B68+B82)/5 -> 2.2486352 | C11: =(C26+C40+C54+C68+C82)/5 -> 0.43669046 | D11: =(D26+D40+D54+D68+D82)/5 -> 0.014769023 | E11: =(E26+E40+E54+E68+E82)/5 -> 0.52734778 | F11: =(F26+F40+F54+F68+F82)/5 -> 1.9225806 | G11: =(G26+G40+G54+G68+G82)/5 -> 0.086848635 | H11: =(H26+H40+H54+H68+H82)/5 -> 0.48138958 | I11: =(I26+I40+I54+I68+I82)/5 -> 0.43176179 | ... L11: =(L26+L40+L54+L68+L82)/5 -> 0.95910956
A12: AIx | B12: =(B27+B41+B55+B69+B83)/5 -> 0.75494899
A13: OUT1 score | B13: =(B28+B42+B56+B70+B84)/5 -> 0.85304659
A16: Validation - Run 1
A17: Metric | B17: MAE (Intensity) | C17: Agreement Rate (%) | D17: MCC | E17: TVD | F17: EMD | G17: Human_Oppose (%) | H17: Human_Neutral (%) | I17: Human_Support (%) | J17: AI_Oppose (%) | K17: AI_Neutral (%) | L17: AI_Support (%)
A18: ENF1 | B18: 1.9478908 | C18: 0.42679901 | D18: -0.011988784 | E18: 0.23573201 | F18: 0.96277916 | G18: 0.13647643 | H18: 0.44665012 | I18: 0.41687345 | J18: 0.014888337 | K18: 0.68238213 | L18: 0.30272953
A19: ENF2 | B19: 1.9454094 | C19: 0.41044776 | D19: -0.052666491 | E19: 0.10550227 | F19: 0.74193548 | G19: 0.11166253 | H19: 0.41191067 | I19: 0.4764268 | J19: 0.0099502488 | K19: 0.51741294 | L19: 0.47263682
A20: FAC1 | B20: 2.6277916 | C20: 0.36567164 | D20: -0.014395225 | E20: 0.43620607 | F20: 2.1885856 | G20: 0.20595533 | H20: 0.43920596 | I20: 0.35483871 | J20: 0.0024875622 | K20: 0.20646766 | L20: 0.79104478
A21: FAC2 | B21: 1.8808933 | C21: 0.48507463 | D21: -0.011084069 | E21: 0.48629063 | F21: 1.5558313 | G21: 0.052109181 | H21: 0.45905707 | I21: 0.48883375 | J21: 0 | K21: 0.024875622 | L21: 0.97512438
A22: TRU1 | B22: 2.1066998 | C22: 0.44029851 | D22: 0.03704103 | E22: 0.22218313 | F22: 1.4069479 | G22: 0.14143921 | H22: 0.54094293 | I22: 0.31761787 | J22: 0 | K22: 0.460199 | L22: 0.539801
A23: TRU2 | B23: 2.4218362 | C23: 0.40049751 | D23: 0.073493366 | E23: 0.58802143 | F23: 2.1687345 | G23: 0.17369727 | H23: 0.44168734 | I23: 0.38461538 | J23: 0 | K23: 0.027363184 | L23: 0.97263682
A24: TRU3 | B24: 2.4789082 | C24: 0.4079602 | D24: 0.036131241 | E24: 0.30418626 | F24: 1.8858561 | G24: 0.17866005 | H24: 0.53846154 | I24: 0.28287841 | J24: 0.0024875622 | K24: 0.41044776 | L24: 0.58706468
A25: TRU4 | B25: 1.9727047 | C25: 0.42288557 | D25: -0.015453522 | E25: 0.23955903 | F25: 1.2605459 | G25: 0.11414392 | H25: 0.58312655 | I25: 0.30272953 | J25: 0 | K25: 0.45771144 | L25: 0.54228856
A26: OUT1 | B26: 2.2679901 | C26: 0.44029851 | D26: 0.031293693 | E26: 0.5358999 | F26: 1.91067 | G26: 0.086848635 | H26: 0.48138958 | I26: 0.43176179 | J26: 0 | K26: 0.032338308 | L26: 0.96766169
A27: AIx | B27: 0.75521551
A28: OUT1 score | B28: 0.85663082
A30: Validation - Run 2
A31: Metric | B31: MAE (Intensity) | C31: Agreement Rate (%) | D31: MCC | E31: TVD | F31: EMD | G31: Human_Oppose (%) | H31: Human_Neutral (%) | I31: Human_Support (%) | J31: AI_Oppose (%) | K31: AI_Neutral (%) | L31: AI_Support (%)
A32: ENF1 | B32: 1.8585608 | C32: 0.46401985 | D32: 0.053237789 | E32: 0.27047146 | F32: 0.92059553 | G32: 0.13647643 | H32: 0.44665012 | I32: 0.41687345 | J32: 0.0024813896 | K32: 0.71712159 | L32: 0.28039702
A33: ENF2 | B33: 1.8883375 | C33: 0.43920596 | D33: -0.0027901254 | E33: 0.10421836 | F33: 0.7146402 | G33: 0.11166253 | H33: 0.41191067 | I33: 0.4764268 | J33: 0.0074441687 | K33: 0.51116625 | L33: 0.48138958
A34: FAC1 | B34: 2.573201 | C34: 0.38461538 | D34: 0.021125567 | E34: 0.41191067 | F34: 2.191067 | G34: 0.20595533 | H34: 0.43920596 | I34: 0.35483871 | J34: 0 | K34: 0.23325062 | L34: 0.76674938
A35: FAC2 | B35: 1.9131514 | C35: 0.48883375 | D35: 0.005785446 | E35: 0.47146402 | F35: 1.5086849 | G35: 0.052109181 | H35: 0.45905707 | I35: 0.48883375 | J35: 0 | K35: 0.039702233 | L35: 0.96029777
A36: TRU1 | B36: 2.0024814 | C36: 0.43890274 | D36: 0.015352542 | E36: 0.17614772 | F36: 1.4565757 | G36: 0.14143921 | H36: 0.54094293 | I36: 0.31761787 | J36: 0.0024937656 | K36: 0.50374065 | L36: 0.49376559
A37: TRU2 | B37: 2.4739454 | C37: 0.37406484 | D37: -0.052597954 | E37: 0.56301554 | F37: 2.1736973 | G37: 0.17369727 | H37: 0.44168734 | I37: 0.38461538 | J37: 0 | K37: 0.052369077 | L37: 0.94763092
A38: TRU3 | B38: 2.4069479 | C38: 0.37905237 | D38: -0.029957472 | E38: 0.28071261 | F38: 1.9032258 | G38: 0.17866005 | H38: 0.53846154 | I38: 0.28287841 | J38: 0 | K38: 0.43640898 | L38: 0.56359102
A39: TRU4 | B39: 1.9875931 | C39: 0.43142145 | D39: -0.028437798 | E39: 0.18854229 | F39: 1.2630273 | G39: 0.11414392 | H39: 0.58312655 | I39: 0.30272953 | J39: 0 | K39: 0.50872818 | L39: 0.49127182
A40: OUT1 | B40: 2.2059553 | C40: 0.43890274 | D40: 0.024020845 | E40: 0.51586914 | F40: 1.9702233 | G40: 0.086848635 | H40: 0.48138958 | I40: 0.43176179 | J40: 0.0024937656 | K40: 0.049875312 | L40: 0.94763092
A41: AIx | B41: 0.75227461
A42: OUT1 score | B42: 0.84642956
A44: Validation - Run 3
A45: Metric | B45: MAE (Intensity) | C45: Agreement Rate (%) | D45: MCC | E45: TVD | F45: EMD | G45: Human_Oppose (%) | H45: Human_Neutral (%) | I45: Human_Support (%) | J45: AI_Oppose (%) | K45: AI_Neutral (%) | L45: AI_Support (%)
A46: ENF1 | B46: 1.8808933 | C46: 0.44168734 | D46: 0.017679045 | E46: 0.2133995 | F46: 0.96277916 | G46: 0.13647643 | H46: 0.44665012 | I46: 0.41687345 | J46: 0.014888337 | K46: 0.66004963 | L46: 0.32506203
A47: ENF2 | B47: 1.8734491 | C47: 0.42431762 | D47: -0.024286578 | E47: 0.1191067 | F47: 0.74193548 | G47: 0.11166253 | H47: 0.41191067 | I47: 0.4764268 | J47: 0.012406948 | K47: 0.53101737 | L47: 0.45657568
A48: FAC1 | B48: 2.5483871 | C48: 0.40942928 | D48: 0.089344456 | E48: 0.46153846 | F48: 2.1885856 | G48: 0.20595533 | H48: 0.43920596 | I48: 0.35483871 | J48: 0 | K48: 0.18362283 | L48: 0.81637717
A49: FAC2 | B49: 1.9131514 | C49: 0.49627792 | D49: 0.041359486 | E49: 0.46898263 | F49: 1.5558313 | G49: 0.052109181 | H49: 0.45905707 | I49: 0.48883375 | J49: 0 | K49: 0.042183623 | L49: 0.95781638
A50: TRU1 | B50: 2.1091811 | C50: 0.42288557 | D50: 0.014817806 | E50: 0.24208363 | F50: 1.4069479 | G50: 0.14143921 | H50: 0.54094293 | I50: 0.31761787 | J50: 0.0024875622 | K50: 0.43781095 | L50: 0.55970149
A51: TRU2 | B51: 2.4565757 | C51: 0.37810945 | D51: -0.033282773 | E51: 0.57309606 | F51: 2.1687345 | G51: 0.17369727 | H51: 0.44168734 | I51: 0.38461538 | J51: 0 | K51: 0.042288557 | L51: 0.95771144
A52: TRU3 | B52: 2.4516129 | C52: 0.41044776 | D52: 0.045562344 | E52: 0.31164895 | F52: 1.8858561 | G52: 0.17866005 | H52: 0.53846154 | I52: 0.28287841 | J52: 0 | K52: 0.40547264 | L52: 0.59452736
A53: TRU4 | B53: 1.9354839 | C53: 0.47014925 | D53: 0.069524556 | E53: 0.22960878 | F53: 1.2605459 | G53: 0.11414392 | H53: 0.58312655 | I53: 0.30272953 | J53: 0 | K53: 0.46766169 | L53: 0.53233831
A54: OUT1 | B54: 2.2605459 | C54: 0.43283582 | D54: 0.0042103819 | E54: 0.5358999 | F54: 1.91067 | G54: 0.086848635 | H54: 0.48138958 | I54: 0.43176179 | J54: 0 | K54: 0.032338308 | L54: 0.96766169
A55: AIx | B55: 0.75771988
A56: OUT1 score | B56: 0.86131789
A58: Validation - Run 4
A59: Metric | B59: MAE (Intensity) | C59: Agreement Rate (%) | D59: MCC | E59: TVD | F59: EMD | G59: Human_Oppose (%) | H59: Human_Neutral (%) | I59: Human_Support (%) | J59: AI_Oppose (%) | K59: AI_Neutral (%) | L59: AI_Support (%)
A60: ENF1 | B60: 1.9602978 | C60: 0.41439206 | D60: -0.034629913 | E60: 0.22084367 | F60: 0.96277916 | G60: 0.13647643 | H60: 0.44665012 | I60: 0.41687345 | J60: 0.014888337 | K60: 0.6674938 | L60: 0.31761787
A61: ENF2 | B61: 1.8808933 | C61: 0.42183623 | D61: -0.036844606 | E61: 0.10669975 | F61: 0.74193548 | G61: 0.11166253 | H61: 0.41191067 | I61: 0.4764268 | J61: 0.0049627792 | K61: 0.50620347 | L61: 0.48883375
A62: FAC1 | B62: 2.6923077 | C62: 0.3573201 | D62: -0.031327631 | E62: 0.44913151 | F62: 2.1885856 | G62: 0.20595533 | H62: 0.43920596 | I62: 0.35483871 | J62: 0 | K62: 0.19602978 | L62: 0.80397022
A63: FAC2 | B63: 1.8883375 | C63: 0.49131514 | D63: 0.017516125 | E63: 0.46401985 | F63: 1.5558313 | G63: 0.052109181 | H63: 0.45905707 | I63: 0.48883375 | J63: 0 | K63: 0.047146402 | L63: 0.9528536
A64: TRU1 | B64: 2.1861042 | C64: 0.41895262 | D64: 0.01087687 | E64: 0.24846692 | F64: 1.4069479 | G64: 0.14143921 | H64: 0.54094293 | I64: 0.31761787 | J64: 0.0024937656 | K64: 0.43142145 | L64: 0.56608479
A65: TRU2 | B65: 2.4615385 | C65: 0.38154613 | D65: -0.021815748 | E65: 0.57548437 | F65: 2.1687345 | G65: 0.17369727 | H65: 0.44168734 | I65: 0.38461538 | J65: 0 | K65: 0.039900249 | L65: 0.96009975
A66: TRU3 | B66: 2.5186104 | C66: 0.40897756 | D66: 0.042388845 | E66: 0.3106378 | F66: 1.8858561 | G66: 0.17866005 | H66: 0.53846154 | I66: 0.28287841 | J66: 0 | K66: 0.40648379 | L66: 0.59351621
A67: TRU4 | B67: 1.9875931 | C67: 0.42394015 | D67: -0.036162978 | E67: 0.19602359 | F67: 1.2605459 | G67: 0.11414392 | H67: 0.58312655 | I67: 0.30272953 | J67: 0 | K67: 0.50124688 | L67: 0.49875312
A68: OUT1 | B68: 2.2431762 | C68: 0.4375 | D68: 0.011232491 | E68: 0.51823821 | F68: 1.91067 | G68: 0.086848635 | H68: 0.48138958 | I68: 0.43176179 | J68: 0 | K68: 0.05 | L68: 0.95
A69: AIx | B69: 0.75641026
A70: OUT1 score | B70: 0.84835953
A72: Validation - Run 5
A73: Metric | B73: MAE (Intensity) | C73: Agreement Rate (%) | D73: MCC | E73: TVD | F73: EMD | G73: Human_Oppose (%) | H73: Human_Neutral (%) | I73: Human_Support (%) | J73: AI_Oppose (%) | K73: AI_Neutral (%) | L73: AI_Support (%)
A74: ENF1 | B74: 1.9280397 | C74: 0.42431762 | D74: -0.019408656 | E74: 0.27047146 | F74: 0.96277916 | G74: 0.13647643 | H74: 0.44665012 | I74: 0.41687345 | J74: 0.014888337 | K74: 0.71712159 | L74: 0.26799007
A75: ENF2 | B75: 1.9032258 | C75: 0.42679901 | D75: -0.019763708 | E75: 0.1191067 | F75: 0.74193548 | G75: 0.11166253 | H75: 0.41191067 | I75: 0.4764268 | J75: 0.012406948 | K75: 0.53101737 | L75: 0.45657568
A76: FAC1 | B76: 2.5459057 | C76: 0.40198511 | D76: 0.069396949 | E76: 0.44913151 | F76: 2.1885856 | G76: 0.20595533 | H76: 0.43920596 | I76: 0.35483871 | J76: 0.0024813896 | K76: 0.19354839 | L76: 0.80397022
A77: FAC2 | B77: 1.8263027 | C77: 0.50124069 | D77: 0.074735119 | E77: 0.48138958 | F77: 1.5558313 | G77: 0.052109181 | H77: 0.45905707 | I77: 0.48883375 | J77: 0 | K77: 0.029776675 | L77: 0.97022333
A78: TRU1 | B78: 2.0967742 | C78: 0.4563591 | D78: 0.06207388 | E78: 0.19360408 | F78: 1.4069479 | G78: 0.14143921 | H78: 0.54094293 | I78: 0.31761787 | J78: 0.0099750623 | K78: 0.47880299 | L78: 0.51122195
A79: TRU2 | B79: 2.4987593 | C79: 0.35910224 | D79: -0.10529544 | E79: 0.55304048 | F79: 2.1687345 | G79: 0.17369727 | H79: 0.44168734 | I79: 0.38461538 | J79: 0 | K79: 0.06234414 | L79: 0.93765586
A80: TRU3 | B80: 2.4565757 | C80: 0.39401496 | D80: 0.0030562594 | E80: 0.28320638 | F80: 1.8858561 | G80: 0.17866005 | H80: 0.53846154 | I80: 0.28287841 | J80: 0.0024937656 | K80: 0.43142145 | L80: 0.56608479
A81: TRU4 | B81: 2.0049628 | C81: 0.43391521 | D81: 0.010832454 | E81: 0.24839267 | F81: 1.2605459 | G81: 0.11414392 | H81: 0.58312655 | I81: 0.30272953 | J81: 0 | K81: 0.44887781 | L81: 0.55112219
A82: OUT1 | B82: 2.2655087 | C82: 0.43391521 | D82: 0.0030877051 | E82: 0.53083173 | F82: 1.91067 | G82: 0.086848635 | H82: 0.48138958 | I82: 0.43176179 | J82: 0 | K82: 0.037406484 | L82: 0.96259352
A83: AIx | B83: 0.75312471
A84: OUT1 score | B84: 0.85249518
A88: Demographic Analytics
A89: Validation - Run 1
A90: ENF1 | B90: Oppose | C90: Neutral | D90: Support | E90: 403 | G90: ENF1 | H90: Oppose | I90: Neutral | J90: Support
A91: Chính thức | B91: 6 | C91: 256 | D91: 115 | E91: 377 | G91: Chính thức | H91: 0.015915119 | I91: 0.67904509 | J91: 0.30503979
A92: Phi chính thức | B92: 0 | C92: 19 | D92: 7 | E92: 26 | G92: Phi chính thức | H92: 0 | I92: 0.73076923 | J92: 0.26923077
A94: ENF2 | B94: Oppose | C94: Neutral | D94: Support | E94: 402 | G94: ENF2 | H94: Oppose | I94: Neutral | J94: Support
A95: Chính thức | B95: 4 | C95: 194 | D95: 178 | E95: 376 | G95: Chính thức | H95: 0.010638298 | I95: 0.51595745 | J95: 0.47340426
A96: Phi chính thức | B96: 0 | C96: 14 | D96: 12 | E96: 26 | G96: Phi chính thức | H96: 0 | I96: 0.53846154 | J96: 0.46153846
A98: FAC1 | B98: Oppose | C98: Neutral | D98: Support | E98: 402 | G98: FAC1 | H98: Oppose | I98: Neutral | J98: Support
A99: Chính thức | B99: 1 | C99: 74 | D99: 301 | E99: 376 | G99: Chính thức | H99: 0.0026595745 | I99: 0.19680851 | J99: 0.80053191
A100: Phi chính thức | B100: 0 | C100: 9 | D100: 17 | E100: 26 | G100: Phi chính thức | H100: 0 | I100: 0.34615385 | J100: 0.65384615
A102: FAC2 | B102: Oppose | C102: Neutral | D102: Support | E102: 402 | G102: FAC2 | H102: Oppose | I102: Neutral | J102: Support
A103: 18 - 24 | B103: 0 | C103: 2 | D103: 53 | E103: 55 | G103: 18 - 24 | H103: 0 | I103: 0.036363636 | J103: 0.96363636
A104: 25 - 29 | B104: 0 | C104: 2 | D104: 77 | E104: 79 | G104: 25 - 29 | H104: 0 | I104: 0.025316456 | J104: 0.97468354
A105: 30 - 39 | B105: 0 | C105: 3 | D105: 128 | E105: 131 | G105: 30 - 39 | H105: 0 | I105: 0.022900763 | J105: 0.97709924
A106: 40 - 49 | B106: 0 | C106: 2 | D106: 77 | E106: 79 | G106: 40 - 49 | H106: 0 | I106: 0.025316456 | J106: 0.97468354
A107: 50 - 54 | B107: 0 | C107: 0 | D107: 31 | E107: 31 | G107: 50 - 54 | H107: 0 | I107: 0 | J107: 1
A108: 55 - 64 | B108: 0 | C108: 1 | D108: 26 | E108: 27 | G108: 55 - 64 | H108: 0 | I108: 0.037037037 | J108: 0.96296296
A110: TRU1 | B110: Oppose | C110: Neutral | D110: Support | E110: 402 | G110: TRU1 | H110: Oppose | I110: Neutral | J110: Support
A111: 18 - 24 | B111: 0 | C111: 21 | D111: 34 | E111: 55 | G111: 18 - 24 | H111: 0 | I111: 0.38181818 | J111: 0.61818182
A112: 25 - 29 | B112: 0 | C112: 40 | D112: 39 | E112: 79 | G112: 25 - 29 | H112: 0 | I112: 0.50632911 | J112: 0.49367089
A113: 30 - 39 | B113: 0 | C113: 63 | D113: 68 | E113: 131 | G113: 30 - 39 | H113: 0 | I113: 0.48091603 | J113: 0.51908397
...

Sheet Calibration - Summary
A1: Calibration - Summary
A2: Metric | B2: MAE (Intensity) | C2: Agreement Rate (%) | D2: MCC | E2: TVD | F2: EMD | G2: Human_Oppose (%) | H2: Human_Neutral (%) | I2: Human_Support (%) | J2: AI_Oppose (%) | K2: AI_Neutral (%) | L2: AI_Support (%)
A3: ENF1 | B3: =(B18+B32+B46+B60+B74)/5 -> 1.8471464 | C3: =(C18+C32+C46+C60+C74)/5 -> 0.43473945 | D3: =(D18+D32+D46+D60+D74)/5 -> 0.00097132092 | E3: =(E18+E32+E46+E60+E74)/5 -> 0.23970223 | F3: =(F18+F32+F46+F60+F74)/5 -> 1.4143921 | G3: =(G18+G32+G46+G60+G74)/5 -> 0.13647643 | H3: =(H18+H32+H46+H60+H74)/5 -> 0.44665012 | I3: =(I18+I32+I46+I60+I74)/5 -> 0.41687345 | ... L3: =(L18+L32+L46+L60+L74)/5 -> 0.30173697
A4: ENF2 | B4: =(B19+B33+B47+B61+B75)/5 -> 1.8377171 | C4: =(C19+C33+C47+C61+C75)/5 -> 0.45856079 | D4: =(D19+D33+D47+D61+D75)/5 -> 0.033905287 | E4: =(E19+E33+E47+E61+E75)/5 -> 0.1439206 | F4: =(F19+F33+F47+F61+F75)/5 -> 1.6401985 | G4: =(G19+G33+G47+G61+G75)/5 -> 0.11166253 | H4: =(H19+H33+H47+H61+H75)/5 -> 0.41191067 | I4: =(I19+I33+I47+I61+I75)/5 -> 0.4764268 | ... L4: =(L19+L33+L47+L61+L75)/5 -> 0.44764268
A5: FAC1 | B5: =(B20+B34+B48+B62+B76)/5 -> 2.4456576 | C5: =(C20+C34+C48+C62+C76)/5 -> 0.39007444 | D5: =(D20+D34+D48+D62+D76)/5 -> 0.0091640253 | E5: =(E20+E34+E48+E62+E76)/5 -> 0.25756824 | F5: =(F20+F34+F48+F62+F76)/5 -> 1.9255583 | G5: =(G20+G34+G48+G62+G76)/5 -> 0.20595533 | H5: =(H20+H34+H48+H62+H76)/5 -> 0.43920596 | I5: =(I20+I34+I48+I62+I76)/5 -> 0.35483871 | ... L5: =(L20+L34+L48+L62+L76)/5 -> 0.60942928
A6: FAC2 | B6: =(B21+B35+B49+B63+B77)/5 -> 1.6908189 | C6: =(C21+C35+C49+C63+C77)/5 -> 0.46423466 | D6: =(D21+D35+D49+D63+D77)/5 -> -0.021171245 | E6: =(E21+E35+E49+E63+E77)/5 -> 0.18943002 | F6: =(F21+F35+F49+F63+F77)/5 -> 0.75682382 | G6: =(G21+G35+G49+G63+G77)/5 -> 0.052109181 | H6: =(H21+H35+H49+H63+H77)/5 -> 0.45905707 | I6: =(I21+I35+I49+I63+I77)/5 -> 0.48883375 | ... L6: =(L21+L35+L49+L63+L77)/5 -> 0.67826377
A7: TRU1 | B7: =(B22+B36+B50+B64+B78)/5 -> 2.0099256 | C7: =(C22+C36+C50+C64+C78)/5 -> 0.45035739 | D7: =(D22+D36+D50+D64+D78)/5 -> -0.018752202 | E7: =(E22+E36+E50+E64+E78)/5 -> 0.12108811 | F7: =(F22+F36+F50+F64+F78)/5 -> 0.8808933 | G7: =(G22+G36+G50+G64+G78)/5 -> 0.14143921 | H7: =(H22+H36+H50+H64+H78)/5 -> 0.54094293 | I7: =(I22+I36+I50+I64+I78)/5 -> 0.31761787 | ... L7: =(L22+L36+L50+L64+L78)/5 -> 0.31827463
A8: TRU2 | B8: =(B23+B37+B51+B65+B79)/5 -> 2.0818859 | C8: =(C23+C37+C51+C65+C79)/5 -> 0.42800637 | D8: =(D23+D37+D51+D65+D79)/5 -> 0.016688063 | E8: =(E23+E37+E51+E65+E79)/5 -> 0.22563732 | F8: =(F23+F37+F51+F65+F79)/5 -> 1.101737 | G8: =(G23+G37+G51+G65+G79)/5 -> 0.17369727 | H8: =(H23+H37+H51+H65+H79)/5 -> 0.44168734 | I8: =(I23+I37+I51+I65+I79)/5 -> 0.38461538 | ... L8: =(L23+L37+L51+L65+L79)/5 -> 0.31530067
A9: TRU3 | B9: =(B24+B38+B52+B66+B80)/5 -> 2.1756824 | C9: =(C24+C38+C52+C66+C80)/5 -> 0.47020974 | D9: =(D24+D38+D52+D66+D80)/5 -> -0.028228239 | E9: =(E24+E38+E52+E66+E80)/5 -> 0.25974421 | F9: =(F24+F38+F52+F66+F80)/5 -> 1.2382134 | G9: =(G24+G38+G52+G66+G80)/5 -> 0.17866005 | H9: =(H24+H38+H52+H66+H80)/5 -> 0.53846154 | I9: =(I24+I38+I52+I66+I80)/5 -> 0.28287841 | ... L9: =(L24+L38+L52+L66+L80)/5 -> 0.15805749
A10: TRU4 | B10: =(B25+B39+B53+B67+B81)/5 -> 1.8764268 | C10: =(C25+C39+C53+C67+C81)/5 -> 0.5432269 | D10: =(D25+D39+D53+D67+D81)/5 -> 0.030646532 | E10: =(E25+E39+E53+E67+E81)/5 -> 0.27372531 | F10: =(F25+F39+F53+F67+F81)/5 -> 0.79404467 | G10: =(G25+G39+G53+G67+G81)/5 -> 0.11414392 | H10: =(H25+H39+H53+H67+H81)/5 -> 0.58312655 | I10: =(I25+I39+I53+I67+I81)/5 -> 0.30272953 | ... L10: =(L25+L39+L53+L67+L81)/5 -> 0.08250703
A11: OUT1 | B11: =(B26+B40+B54+B68+B82)/5 -> 1.8987593 | C11: =(C26+C40+C54+C68+C82)/5 -> 0.45786018 | D11: =(D26+D40+D54+D68+D82)/5 -> 0.0017808799 | E11: =(E26+E40+E54+E68+E82)/5 -> 0.15515481 | F11: =(F26+F40+F54+F68+F82)/5 -> 0.66253102 | G11: =(G26+G40+G54+G68+G82)/5 -> 0.086848635 | H11: =(H26+H40+H54+H68+H82)/5 -> 0.48138958 | I11: =(I26+I40+I54+I68+I82)/5 -> 0.43176179 | ... L11: =(L26+L40+L54+L68+L82)/5 -> 0.34448917
A12: AIx | B12: =(B27+B41+B55+B69+B83)/5 -> 0.68159636
A13: OUT1 score | B13: =(B28+B42+B56+B70+B84)/5 -> 0.66594982
A16: Calibration - Run 1
A17: Metric | B17: MAE (Intensity) | C17: Agreement Rate (%) | D17: MCC | E17: TVD | F17: EMD | G17: Human_Oppose (%) | H17: Human_Neutral (%) | I17: Human_Support (%) | J17: AI_Oppose (%) | K17: AI_Neutral (%) | L17: AI_Support (%)
A18: ENF1 | B18: 1.8039702 | C18: 0.48138958 | D18: 0.093010708 | E18: 0.22332506 | F18: 1.4143921 | G18: 0.13647643 | H18: 0.44665012 | I18: 0.41687345 | J18: 0.014888337 | K18: 0.66997519 | L18: 0.31513648
A19: ENF2 | B19: 1.7890819 | C19: 0.48387097 | D19: 0.084198309 | E19: 0.15136476 | F19: 1.6401985 | G19: 0.11166253 | H19: 0.41191067 | I19: 0.4764268 | J19: 0.0049627792 | K19: 0.56327543 | L19: 0.43176179
A20: FAC1 | B20: 2.3995037 | C20: 0.40694789 | D20: 0.040300136 | E20: 0.27543424 | F20: 1.9255583 | G20: 0.20595533 | H20: 0.43920596 | I20: 0.35483871 | J20: 0.0049627792 | K20: 0.36476427 | L20: 0.63027295
A21: FAC2 | B21: 1.7270471 | C21: 0.45905707 | D21: -0.028759162 | E21: 0.191067 | F21: 0.75682382 | G21: 0.052109181 | H21: 0.45905707 | I21: 0.48883375 | J21: 0.014888337 | K21: 0.30521092 | L21: 0.67990074
A22: TRU1 | B22: 1.9379653 | C22: 0.46650124 | D22: 0.011589134 | E22: 0.12406948 | F22: 0.8808933 | G22: 0.14143921 | H22: 0.54094293 | I22: 0.31761787 | J22: 0.032258065 | K22: 0.66501241 | L22: 0.30272953
A23: TRU2 | B23: 2.1116625 | C23: 0.42431762 | D23: 0.011552039 | E23: 0.22828784 | F23: 1.101737 | G23: 0.17369727 | H23: 0.44168734 | I23: 0.38461538 | J23: 0.022332506 | K23: 0.66997519 | L23: 0.30769231
A24: TRU3 | B24: 2.133995 | C24: 0.46650124 | D24: -0.021378734 | E24: 0.2382134 | F24: 1.2382134 | G24: 0.17866005 | H24: 0.53846154 | I24: 0.28287841 | J24: 0.047146402 | K24: 0.77667494 | L24: 0.17617866
A25: TRU4 | B25: 1.8858561 | C25: 0.55583127 | D25: 0.069287351 | E25: 0.27295285 | F25: 0.79404467 | G25: 0.11414392 | H25: 0.58312655 | I25: 0.30272953 | J25: 0.069478908 | K25: 0.8560794 | L25: 0.074441687
A26: OUT1 | B26: 1.8808933 | C26: 0.44389027 | D26: -0.026324753 | E26: 0.13706429 | F26: 0.66253102 | G26: 0.086848635 | H26: 0.48138958 | I26: 0.43176179 | J26: 0.017456359 | K26: 0.61845387 | L26: 0.36408978
A27: AIx | B27: 0.68254296
A28: OUT1 score | B28: 0.67190516
A30: Calibration - Run 2
A31: Metric | B31: MAE (Intensity) | C31: Agreement Rate (%) | D31: MCC | E31: TVD | F31: EMD | G31: Human_Oppose (%) | H31: Human_Neutral (%) | I31: Human_Support (%) | J31: AI_Oppose (%) | K31: AI_Neutral (%) | L31: AI_Support (%)
A32: ENF1 | B32: 1.8610422 | C32: 0.43424318 | D32: -0.0013104163 | E32: 0.27543424 | F32: 1.4143921 | G32: 0.13647643 | H32: 0.44665012 | I32: 0.41687345 | J32: 0.012406948 | K32: 0.72208437 | L32: 0.26550868
A33: ENF2 | B33: 1.8858561 | C33: 0.42679901 | D33: -0.022961089 | E33: 0.1662531 | F33: 1.6401985 | G33: 0.11166253 | H33: 0.41191067 | I33: 0.4764268 | J33: 0 | K33: 0.57816377 | L33: 0.42183623
A34: FAC1 | B34: 2.4789082 | C34: 0.38709677 | D34: 0.0086161535 | E34: 0.27791563 | F34: 1.9255583 | G34: 0.20595533 | H34: 0.43920596 | I34: 0.35483871 | J34: 0.014888337 | K34: 0.35235732 | L34: 0.63275434
A35: FAC2 | B35: 1.6377171 | C35: 0.49131514 | D35: 0.0310007 | E35: 0.18114144 | F35: 0.75682382 | G35: 0.052109181 | H35: 0.45905707 | I35: 0.48883375 | J35: 0.0074441687 | K35: 0.32258065 | L35: 0.66997519
A36: TRU1 | B36: 2.0471464 | C36: 0.41439206 | D36: -0.084030117 | E36: 0.11414392 | F36: 0.8808933 | G36: 0.14143921 | H36: 0.54094293 | I36: 0.31761787 | J36: 0.027295285 | K36: 0.65260546 | L36: 0.32009926
A37: TRU2 | B37: 2.0794045 | C37: 0.41687345 | D37: -0.0040706782 | E37: 0.22580645 | F37: 1.101737 | G37: 0.17369727 | H37: 0.44168734 | I37: 0.38461538 | J37: 0.017369727 | K37: 0.6674938 | L37: 0.31513648
A38: TRU3 | B38: 2.1836228 | C38: 0.46153846 | D38: -0.056859949 | E38: 0.27543424 | F38: 1.2382134 | G38: 0.17866005 | H38: 0.53846154 | I38: 0.28287841 | J38: 0.044665012 | K38: 0.81389578 | L38: 0.14143921
A39: TRU4 | B39: 1.8808933 | C39: 0.5483871 | D39: 0.034633166 | E39: 0.28287841 | F39: 0.79404467 | G39: 0.11414392 | H39: 0.58312655 | I39: 0.30272953 | J39: 0.052109181 | K39: 0.86600496 | L39: 0.081885856
A40: OUT1 | B40: 1.942928 | C40: 0.43890274 | D40: -0.034221997 | E40: 0.17696454 | F40: 0.66253102 | G40: 0.086848635 | H40: 0.48138958 | I40: 0.43176179 | J40: 0.019950125 | K40: 0.65835411 | L40: 0.32169576
A41: AIx | B41: 0.67911957
A42: OUT1 score | B42: 0.66060105
A44: Calibration - Run 3
A45: Metric | B45: MAE (Intensity) | C45: Agreement Rate (%) | D45: MCC | E45: TVD | F45: EMD | G45: Human_Oppose (%) | H45: Human_Neutral (%) | I45: Human_Support (%) | J45: AI_Oppose (%) | K45: AI_Neutral (%) | L45: AI_Support (%)
A46: ENF1 | B46: 1.8436725 | C46: 0.40694789 | D46: -0.054638102 | E46: 0.2630273 | F46: 1.4143921 | G46: 0.13647643 | H46: 0.44665012 | I46: 0.41687345 | J46: 0.012406948 | K46: 0.70967742 | L46: 0.27791563
A47: ENF2 | B47: 1.8163772 | C47: 0.46401985 | D47: 0.045702751 | E47: 0.16129032 | F47: 1.6401985 | G47: 0.11166253 | H47: 0.41191067 | I47: 0.4764268 | J47: 0 | K47: 0.57320099 | L47: 0.42679901
A48: FAC1 | B48: 2.4466501 | C48: 0.41687345 | D48: 0.059884078 | E48: 0.2630273 | F48: 1.9255583 | G48: 0.20595533 | H48: 0.43920596 | I48: 0.35483871 | J48: 0.014888337 | K48: 0.36724566 | L48: 0.617866
A49: FAC2 | B49: 1.6823821 | C49: 0.4516129 | D49: -0.04828735 | E49: 0.17121588 | F49: 0.75682382 | G49: 0.052109181 | H49: 0.45905707 | I49: 0.48883375 | J49: 0.0074441687 | K49: 0.3325062 | L49: 0.66004963
A50: TRU1 | B50: 2.0322581 | C50: 0.44665012 | D50: -0.022196799 | E50: 0.1191067 | F50: 0.8808933 | G50: 0.14143921 | H50: 0.54094293 | I50: 0.31761787 | J50: 0.022332506 | K50: 0.64764268 | L50: 0.33002481
A51: TRU2 | B51: 2.0942928 | C51: 0.42431762 | D51: 0.0091293407 | E51: 0.23325062 | F51: 1.101737 | G51: 0.17369727 | H51: 0.44168734 | I51: 0.38461538 | J51: 0.017369727 | K51: 0.67493797 | L51: 0.30769231
A52: TRU3 | B52: 2.248139 | C52: 0.44665012 | D52: -0.093754634 | E52: 0.27791563 | F52: 1.2382134 | G52: 0.17866005 | H52: 0.53846154 | I52: 0.28287841 | J52: 0.042183623 | K52: 0.81637717 | L52: 0.14143921
A53: TRU4 | B53: 1.8635236 | C53: 0.55086849 | D53: 0.043274819 | E53: 0.27791563 | F53: 0.79404467 | G53: 0.11414392 | H53: 0.58312655 | I53: 0.30272953 | J53: 0.049627792 | K53: 0.86104218 | L53: 0.089330025
A54: OUT1 | B54: 1.9255583 | C54: 0.44278607 | D54: -0.024279587 | E54: 0.16288903 | F54: 0.66253102 | G54: 0.086848635 | H54: 0.48138958 | I54: 0.43176179 | J54: 0.024875622 | K54: 0.64427861 | L54: 0.33084577
A55: AIx | B55: 0.67900469
A56: OUT1 score | B56: 0.66418528
A58: Calibration - Run 4
A59: Metric | B59: MAE (Intensity) | C59: Agreement Rate (%) | D59: MCC | E59: TVD | F59: EMD | G59: Human_Oppose (%) | H59: Human_Neutral (%) | I59: Human_Support (%) | J59: AI_Oppose (%) | K59: AI_Neutral (%) | L59: AI_Support (%)
A60: ENF1 | B60: 1.8436725 | C60: 0.43920596 | D60: 0.01180047 | E60: 0.21091811 | F60: 1.4143921 | G60: 0.13647643 | H60: 0.44665012 | I60: 0.41687345 | J60: 0.012406948 | K60: 0.65756824 | L60: 0.33002481
A61: ENF2 | B61: 1.8312655 | C61: 0.46898263 | D61: 0.052551425 | E61: 0.13151365 | F61: 1.6401985 | G61: 0.11166253 | H61: 0.41191067 | I61: 0.4764268 | J61: 0.0024813896 | K61: 0.54342432 | L61: 0.45409429
A62: FAC1 | B62: 2.4565757 | C62: 0.38461538 | D62: 0.00096631033 | E62: 0.27791563 | F62: 1.9255583 | G62: 0.20595533 | H62: 0.43920596 | I62: 0.35483871 | J62: 0.0074441687 | K62: 0.35980149 | L62: 0.63275434
A63: FAC2 | B63: 1.6873449 | C63: 0.48635236 | D63: 0.030571673 | E63: 0.191067 | F63: 0.75682382 | G63: 0.052109181 | H63: 0.45905707 | I63: 0.48883375 | J63: 0.019851117 | K63: 0.30024814 | L63: 0.67990074
A64: TRU1 | B64: 2.0372208 | C64: 0.45409429 | D64: -0.0087074587 | E64: 0.11414392 | F64: 0.8808933 | G64: 0.14143921 | H64: 0.54094293 | I64: 0.31761787 | J64: 0.029776675 | K64: 0.65508685 | L64: 0.31513648
A65: TRU2 | B65: 2.0372208 | C65: 0.44168734 | D65: 0.043493953 | E65: 0.22332506 | F65: 1.101737 | G65: 0.17369727 | H65: 0.44168734 | I65: 0.38461538 | J65: 0.019851117 | K65: 0.66501241 | L65: 0.31513648
A66: TRU3 | B66: 2.2034739 | C66: 0.4800995 | D66: 0.00075428472 | E66: 0.24512055 | F66: 1.2382134 | G66: 0.17866005 | H66: 0.53846154 | I66: 0.28287841 | J66: 0.039800995 | K66: 0.78358209 | L66: 0.17661692
A67: TRU4 | B67: 1.9330025 | C67: 0.5199005 | D67: -0.019236575 | E67: 0.26264459 | F67: 0.79404467 | G67: 0.11414392 | H67: 0.58312655 | I67: 0.30272953 | J67: 0.072139303 | K67: 0.84577114 | L67: 0.082089552
A68: OUT1 | B68: 1.8883375 | C68: 0.475 | D68: 0.033957289 | E68: 0.12611042 | F68: 0.66253102 | G68: 0.086848635 | H68: 0.48138958 | I68: 0.43176179 | J68: 0.0125 | K68: 0.6075 | L68: 0.38
A69: AIx | B69: 0.68463377
A70: OUT1 score | B70: 0.67493797
A72: Calibration - Run 5
A73: Metric | B73: MAE (Intensity) | C73: Agreement Rate (%) | D73: MCC | E73: TVD | F73: EMD | G73: Human_Oppose (%) | H73: Human_Neutral (%) | I73: Human_Support (%) | J73: AI_Oppose (%) | K73: AI_Neutral (%) | L73: AI_Support (%)
A74: ENF1 | B74: 1.8833747 | C74: 0.41191067 | D74: -0.044006055 | E74: 0.22580645 | F74: 1.4143921 | G74: 0.13647643 | H74: 0.44665012 | I74: 0.41687345 | J74: 0.0074441687 | K74: 0.67245658 | L74: 0.32009926
A75: ENF2 | B75: 1.866005 | C75: 0.44913151 | D75: 0.010035038 | E75: 0.10918114 | F75: 1.6401985 | G75: 0.11166253 | H75: 0.41191067 | I75: 0.4764268 | J75: 0.0024813896 | K75: 0.49379653 | L75: 0.50372208
A76: FAC1 | B76: 2.4466501 | C76: 0.35483871 | D76: -0.063946551 | E76: 0.19354839 | F76: 1.9255583 | G76: 0.20595533 | H76: 0.43920596 | I76: 0.35483871 | J76: 0.012406948 | K76: 0.45409429 | L76: 0.53349876
A77: FAC2 | B77: 1.719603 | C77: 0.43283582 | D77: -0.090382085 | E77: 0.21265879 | F77: 0.75682382 | G77: 0.052109181 | H77: 0.45905707 | I77: 0.48883375 | J77: 0.0074626866 | K77: 0.29104478 | L77: 0.70149254
A78: TRU1 | B78: 1.9950372 | C78: 0.47014925 | D78: 0.0095842326 | E78: 0.13397652 | F78: 0.8808933 | G78: 0.14143921 | H78: 0.54094293 | I78: 0.31761787 | J78: 0.0074626866 | K78: 0.66915423 | L78: 0.32338308
A79: TRU2 | B79: 2.0868486 | C79: 0.43283582 | D79: 0.023335661 | E79: 0.21751664 | F79: 1.101737 | G79: 0.17369727 | H79: 0.44168734 | I79: 0.38461538 | J79: 0.0099502488 | K79: 0.65920398 | L79: 0.33084577
A80: TRU3 | B80: 2.1091811 | C80: 0.49625935 | D80: 0.030097838 | E80: 0.26203721 | F80: 1.2382134 | G80: 0.17866005 | H80: 0.53846154 | I80: 0.28287841 | J80: 0.044887781 | K80: 0.80049875 | L80: 0.15461347
A81: TRU4 | B81: 1.8188586 | C81: 0.54114713 | D81: 0.025273901 | E81: 0.27223505 | F81: 0.79404467 | G81: 0.11414392 | H81: 0.58312655 | I81: 0.30272953 | J81: 0.059850374 | K81: 0.8553616 | L81: 0.08478803
A82: OUT1 | B82: 1.8560794 | C82: 0.4887218 | D82: 0.059773447 | E82: 0.17274576 | F82: 0.66253102 | G82: 0.086848635 | H82: 0.48138958 | I82: 0.43176179 | J82: 0.020050125 | K82: 0.65413534 | L82: 0.32581454
A83: AIx | B83: 0.68268082
A84: OUT1 score | B84: 0.65811966
A90: Demographic Analytics
A91: Calibration - Run 1
A92: ENF1 | B92: Oppose | C92: Neutral | D92: Support | E92: 403 | G92: ENF1 | H92: Oppose | I92: Neutral | J92: Support
A93: Chính thức | B93: 5 | C93: 251 | D93: 121 | E93: 377 | G93: Chính thức | H93: 0.013262599 | I93: 0.66578249 | J93: 0.32095491
A94: Phi chính thức | B94: 1 | C94: 19 | D94: 6 | E94: 26 | G94: Phi chính thức | H94: 0.038461538 | I94: 0.73076923 | J94: 0.23076923
A96: ENF2 | B96: Oppose | C96: Neutral | D96: Support | E96: 403 | G96: ENF2 | H96: Oppose | I96: Neutral | J96: Support
A97: Chính thức | B97: 2 | C97: 216 | D97: 159 | E97: 377 | G97: Chính thức | H97: 0.0053050398 | I97: 0.5729443 | J97: 0.42175066
A98: Phi chính thức | B98: 0 | C98: 11 | D98: 15 | E98: 26 | G98: Phi chính thức | H98: 0 | I98: 0.42307692 | J98: 0.57692308
A100: FAC1 | B100: Oppose | C100: Neutral | D100: Support | E100: 403 | G100: FAC1 | H100: Oppose | I100: Neutral | J100: Support
A101: Chính thức | B101: 2 | C101: 144 | D101: 231 | E101: 377 | G101: Chính thức | H101: 0.0053050398 | I101: 0.38196286 | J101: 0.6127321
A102: Phi chính thức | B102: 0 | C102: 3 | D102: 23 | E102: 26 | G102: Phi chính thức | H102: 0 | I102: 0.11538462 | J102: 0.88461538
A104: FAC2 | B104: Oppose | C104: Neutral | D104: Support | E104: 403 | G104: FAC2 | H104: Oppose | I104: Neutral | J104: Support
A105: 18 - 24 | B105: 0 | C105: 25 | D105: 30 | E105: 55 | G105: 18 - 24 | H105: 0 | I105: 0.45454545 | J105: 0.54545455
A106: 25 - 29 | B106: 0 | C106: 17 | D106: 62 | E106: 79 | G106: 25 - 29 | H106: 0 | I106: 0.21518987 | J106: 0.78481013
A107: 30 - 39 | B107: 1 | C107: 42 | D107: 89 | E107: 132 | G107: 30 - 39 | H107: 0.0075757576 | I107: 0.31818182 | J107: 0.67424242
A108: 40 - 49 | B108: 2 | C108: 21 | D108: 56 | E108: 79 | G108: 40 - 49 | H108: 0.025316456 | I108: 0.26582278 | J108: 0.70886076
A109: 50 - 54 | B109: 3 | C109: 11 | D109: 17 | E109: 31 | G109: 50 - 54 | H109: 0.096774194 | I109: 0.35483871 | J109: 0.5483871
A110: 55 - 64 | B110: 0 | C110: 7 | D110: 20 | E110: 27 | G110: 55 - 64 | H110: 0 | I110: 0.25925926 | J110: 0.74074074
A112: TRU1 | B112: Oppose | C112: Neutral | D112: Support | E112: 403 | G112: TRU1 | H112: Oppose | I112: Neutral | J112: Support
A113: 18 - 24 | B113: 3 | C113: 39 | D113: 13 | E113: 55 | G113: 18 - 24 | H113: 0.054545455 | I113: 0.70909091 | J113: 0.23636364
A114: 25 - 29 | B114: 2 | C114: 53 | D114: 24 | E114: 79 | G114: 25 - 29 | H114: 0.025316456 | I114: 0.67088608 | J114: 0.30379747
A115: 30 - 39 | B115: 6 | C115: 87 | D115: 39 | E115: 132 | G115: 30 - 39 | H115: 0.045454545 | I115: 0.65909091 | J115: 0.29545455
...
